date,excess_log_return,log_Mkt-RF,baspread,log_Mkt-RF^2,indmom,log_Mkt-RF_lag1,log_Mkt-RF_lag2,pctacc,roaq,sue,sfe,turn,idiovol,size,mom,max,aeavol,cash,cashdebt,chinv,lev,sp,cfp,chcapx,noa,cfpq,currat,pchgm_pchsale,saleinv,tang,chfeps,first_lag_excess_return
2006-06-30,0.0,0.0,0.0,0.0,0.0,0.0,0.0,0.0,0.0,0.0,0.0,0.0,0.0,0.0,0.0,0.0,0.0,0.0,0.0,0.0,0.0,0.0,0.0,0.0,0.0,0.0,0.0,0.0,0.0,0.0,0.0,0.0
2006-07-31,0.0,0.0,0.0,0.0,0.0,0.0,0.0,0.0,0.0,0.0,0.0,0.0,0.0,0.0,0.0,0.0,0.0,0.0,0.0,0.0,0.0,0.0,0.0,0.0,0.0,0.0,0.0,0.0,0.0,0.0,0.0,0.0
2006-08-31,0.0,0.0,0.0,0.0,0.0,0.0,0.0,0.0,0.0,0.0,0.0,0.0,0.0,0.0,0.0,0.0,0.0,0.0,0.0,0.0,0.0,0.0,0.0,0.0,0.0,0.0,0.0,0.0,0.0,0.0,0.0,0.0
2006-09-29,0.0,0.0,0.0,0.0,0.0,0.0,0.0,0.0,0.0,0.0,0.0,0.0,0.0,0.0,0.0,0.0,0.0,0.0,0.0,0.0,0.0,0.0,0.0,0.0,0.0,0.0,0.0,0.0,0.0,0.0,0.0,0.0
2006-10-31,0.0,0.0,0.0,0.0,0.0,0.0,0.0,0.0,0.0,0.0,0.0,0.0,0.0,0.0,0.0,0.0,0.0,0.0,0.0,0.0,0.0,0.0,0.0,0.0,0.0,0.0,0.0,0.0,0.0,0.0,0.0,0.0
2006-11-30,0.0,0.0,0.0,0.0,0.0,0.0,0.0,0.0,0.0,0.0,0.0,0.0,0.0,0.0,0.0,0.0,0.0,0.0,0.0,0.0,0.0,0.0,0.0,0.0,0.0,0.0,0.0,0.0,0.0,0.0,0.0,0.0
2006-12-29,0.0,0.0,0.0,0.0,0.0,0.0,0.0,0.0,0.0,0.0,0.0,0.0,0.0,0.0,0.0,0.0,0.0,0.0,0.0,0.0,0.0,0.0,0.0,0.0,0.0,0.0,0.0,0.0,0.0,0.0,0.0,0.0
2007-01-31,0.0,0.0,0.0,0.0,0.0,0.0,0.0,0.0,0.0,0.0,0.0,0.0,0.0,0.0,0.0,0.0,0.0,0.0,0.0,0.0,0.0,0.0,0.0,0.0,0.0,0.0,0.0,0.0,0.0,0.0,0.0,0.0
2007-02-28,0.0,0.0,0.0,0.0,0.0,0.0,0.0,0.0,0.0,0.0,0.0,0.0,0.0,0.0,0.0,0.0,0.0,0.0,0.0,0.0,0.0,0.0,0.0,0.0,0.0,0.0,0.0,0.0,0.0,0.0,0.0,0.0
2007-03-30,0.0,0.0,0.0,0.0,0.0,0.0,0.0,0.0,0.0,0.0,0.0,0.0,0.0,0.0,0.0,0.0,0.0,0.0,0.0,0.0,0.0,0.0,0.0,0.0,0.0,0.0,0.0,0.0,0.0,0.0,0.0,0.0
2007-04-30,0.0,0.0,0.0,0.0,0.0,0.0,0.0,0.0,0.0,0.0,0.0,0.0,0.0,0.0,0.0,0.0,0.0,0.0,0.0,0.0,0.0,0.0,0.0,0.0,0.0,0.0,0.0,0.0,0.0,0.0,0.0,0.0
2007-05-31,0.0,0.0,0.0,0.0,0.0,0.0,0.0,0.0,0.0,0.0,0.0,0.0,0.0,0.0,0.0,0.0,0.0,0.0,0.0,0.0,0.0,0.0,0.0,0.0,0.0,0.0,0.0,0.0,0.0,0.0,0.0,0.0
2007-06-29,0.0,0.0,0.0,0.0,0.0,0.0,0.0,0.0,0.0,0.0,0.0,0.0,0.0,0.0,0.0,0.0,0.0,0.0,0.0,0.0,0.0,0.0,0.0,0.0,0.0,0.0,0.0,0.0,0.0,0.0,0.0,0.0
2007-07-31,0.0,0.0,0.0,0.0,0.0,0.0,0.0,0.0,0.0,0.0,0.0,0.0,0.0,0.0,0.0,0.0,0.0,0.0,0.0,0.0,0.0,0.0,0.0,0.0,0.0,0.0,0.0,0.0,0.0,0.0,0.0,0.0
2007-08-31,0.0,0.0,0.0,0.0,0.0,0.0,0.0,0.0,0.0,0.0,0.0,0.0,0.0,0.0,0.0,0.0,0.0,0.0,0.0,0.0,0.0,0.0,0.0,0.0,0.0,0.0,0.0,0.0,0.0,0.0,0.0,0.0
2007-09-28,0.0,0.0,0.0,0.0,0.0,0.0,0.0,0.0,0.0,0.0,0.0,0.0,0.0,0.0,0.0,0.0,0.0,0.0,0.0,0.0,0.0,0.0,0.0,0.0,0.0,0.0,0.0,0.0,0.0,0.0,0.0,0.0
2007-10-31,0.0,0.0,0.0,0.0,0.0,0.0,0.0,0.0,0.0,0.0,0.0,0.0,0.0,0.0,0.0,0.0,0.0,0.0,0.0,0.0,0.0,0.0,0.0,0.0,0.0,0.0,0.0,0.0,0.0,0.0,0.0,0.0
2007-11-30,0.0,0.0,0.0,0.0,0.0,0.0,0.0,0.0,0.0,0.0,0.0,0.0,0.0,0.0,0.0,0.0,0.0,0.0,0.0,0.0,0.0,0.0,0.0,0.0,0.0,0.0,0.0,0.0,0.0,0.0,0.0,0.0
2007-12-31,0.0,0.0,0.0,0.0,0.0,0.0,0.0,0.0,0.0,0.0,0.0,0.0,0.0,0.0,0.0,0.0,0.0,0.0,0.0,0.0,0.0,0.0,0.0,0.0,0.0,0.0,0.0,0.0,0.0,0.0,0.0,0.0
2008-01-31,0.0,0.0,0.0,0.0,0.0,0.0,0.0,0.0,0.0,0.0,0.0,0.0,0.0,0.0,0.0,0.0,0.0,0.0,0.0,0.0,0.0,0.0,0.0,0.0,0.0,0.0,0.0,0.0,0.0,0.0,0.0,0.0
2008-02-29,0.0,0.0,0.0,0.0,0.0,0.0,0.0,0.0,0.0,0.0,0.0,0.0,0.0,0.0,0.0,0.0,0.0,0.0,0.0,0.0,0.0,0.0,0.0,0.0,0.0,0.0,0.0,0.0,0.0,0.0,0.0,0.0
2008-03-31,0.0,0.0,0.0,0.0,0.0,0.0,0.0,0.0,0.0,0.0,0.0,0.0,0.0,0.0,0.0,0.0,0.0,0.0,0.0,0.0,0.0,0.0,0.0,0.0,0.0,0.0,0.0,0.0,0.0,0.0,0.0,0.0
2008-04-30,0.0,0.0,0.0,0.0,0.0,0.0,0.0,0.0,0.0,0.0,0.0,0.0,0.0,0.0,0.0,0.0,0.0,0.0,0.0,0.0,0.0,0.0,0.0,0.0,0.0,0.0,0.0,0.0,0.0,0.0,0.0,0.0
2008-05-30,0.0,0.0,0.0,0.0,0.0,0.0,0.0,0.0,0.0,0.0,0.0,0.0,0.0,0.0,0.0,0.0,0.0,0.0,0.0,0.0,0.0,0.0,0.0,0.0,0.0,0.0,0.0,0.0,0.0,0.0,0.0,0.0
2008-06-30,0.0,0.0,0.0,0.0,0.0,0.0,0.0,0.0,0.0,0.0,0.0,0.0,0.0,0.0,0.0,0.0,0.0,0.0,0.0,0.0,0.0,0.0,0.0,0.0,0.0,0.0,0.0,0.0,0.0,0.0,0.0,0.0
2008-07-31,0.0,0.0,0.0,0.0,0.0,0.0,0.0,0.0,0.0,0.0,0.0,0.0,0.0,0.0,0.0,0.0,0.0,0.0,0.0,0.0,0.0,0.0,0.0,0.0,0.0,0.0,0.0,0.0,0.0,0.0,0.0,0.0
2008-08-29,0.0,0.0,0.0,0.0,0.0,0.0,0.0,0.0,0.0,0.0,0.0,0.0,0.0,0.0,0.0,0.0,0.0,0.0,0.0,0.0,0.0,0.0,0.0,0.0,0.0,0.0,0.0,0.0,0.0,0.0,0.0,0.0
2008-09-30,0.0,0.0,0.0,0.0,0.0,0.0,0.0,0.0,0.0,0.0,0.0,0.0,0.0,0.0,0.0,0.0,0.0,0.0,0.0,0.0,0.0,0.0,0.0,0.0,0.0,0.0,0.0,0.0,0.0,0.0,0.0,0.0
2008-10-31,0.0,0.0,0.0,0.0,0.0,0.0,0.0,0.0,0.0,0.0,0.0,0.0,0.0,0.0,0.0,0.0,0.0,0.0,0.0,0.0,0.0,0.0,0.0,0.0,0.0,0.0,0.0,0.0,0.0,0.0,0.0,0.0
2008-11-28,0.0,0.0,0.0,0.0,0.0,0.0,0.0,0.0,0.0,0.0,0.0,0.0,0.0,0.0,0.0,0.0,0.0,0.0,0.0,0.0,0.0,0.0,0.0,0.0,0.0,0.0,0.0,0.0,0.0,0.0,0.0,0.0
2008-12-31,0.0,0.0,0.0,0.0,0.0,0.0,0.0,0.0,0.0,0.0,0.0,0.0,0.0,0.0,0.0,0.0,0.0,0.0,0.0,0.0,0.0,0.0,0.0,0.0,0.0,0.0,0.0,0.0,0.0,0.0,0.0,0.0
2009-01-30,0.0,0.0,0.0,0.0,0.0,0.0,0.0,0.0,0.0,0.0,0.0,0.0,0.0,0.0,0.0,0.0,0.0,0.0,0.0,0.0,0.0,0.0,0.0,0.0,0.0,0.0,0.0,0.0,0.0,0.0,0.0,0.0
2009-02-27,0.0,0.0,0.0,0.0,0.0,0.0,0.0,0.0,0.0,0.0,0.0,0.0,0.0,0.0,0.0,0.0,0.0,0.0,0.0,0.0,0.0,0.0,0.0,0.0,0.0,0.0,0.0,0.0,0.0,0.0,0.0,0.0
2009-03-31,0.0,0.0,0.0,0.0,0.0,0.0,0.0,0.0,0.0,0.0,0.0,0.0,0.0,0.0,0.0,0.0,0.0,0.0,0.0,0.0,0.0,0.0,0.0,0.0,0.0,0.0,0.0,0.0,0.0,0.0,0.0,0.0
2009-04-30,0.0,0.0,0.0,0.0,0.0,0.0,0.0,0.0,0.0,0.0,0.0,0.0,0.0,0.0,0.0,0.0,0.0,0.0,0.0,0.0,0.0,0.0,0.0,0.0,0.0,0.0,0.0,0.0,0.0,0.0,0.0,0.0
2009-05-29,0.0,0.0,0.0,0.0,0.0,0.0,0.0,0.0,0.0,0.0,0.0,0.0,0.0,0.0,0.0,0.0,0.0,0.0,0.0,0.0,0.0,0.0,0.0,0.0,0.0,0.0,0.0,0.0,0.0,0.0,0.0,0.0
2009-06-30,0.0,0.0,0.0,0.0,0.0,0.0,0.0,0.0,0.0,0.0,0.0,0.0,0.0,0.0,0.0,0.0,0.0,0.0,0.0,0.0,0.0,0.0,0.0,0.0,0.0,0.0,0.0,0.0,0.0,0.0,0.0,0.0
2009-07-31,0.0,0.0,0.0,0.0,0.0,0.0,0.0,0.0,0.0,0.0,0.0,0.0,0.0,0.0,0.0,0.0,0.0,0.0,0.0,0.0,0.0,0.0,0.0,0.0,0.0,0.0,0.0,0.0,0.0,0.0,0.0,0.0
2009-08-31,0.0,0.0,0.0,0.0,0.0,0.0,0.0,0.0,0.0,0.0,0.0,0.0,0.0,0.0,0.0,0.0,0.0,0.0,0.0,0.0,0.0,0.0,0.0,0.0,0.0,0.0,0.0,0.0,0.0,0.0,0.0,0.0
2009-09-30,0.0,0.0,0.0,0.0,0.0,0.0,0.0,0.0,0.0,0.0,0.0,0.0,0.0,0.0,0.0,0.0,0.0,0.0,0.0,0.0,0.0,0.0,0.0,0.0,0.0,0.0,0.0,0.0,0.0,0.0,0.0,0.0
2009-10-30,0.0,0.0,0.0,0.0,0.0,0.0,0.0,0.0,0.0,0.0,0.0,0.0,0.0,0.0,0.0,0.0,0.0,0.0,0.0,0.0,0.0,0.0,0.0,0.0,0.0,0.0,0.0,0.0,0.0,0.0,0.0,0.0
2009-11-30,-2.6143372209497056,-4.481679913173652,125.77330710266628,0.1176051573237917,-43.90493190835297,107.74974926993632,88.2632918191445,-26.803772627260443,14.794147374351432,-0.0328048443078271,17.406558398278342,2178.185452020213,17.952678182724767,2694.705503179741,-360.7366386978593,509.498424346433,2107.3191044093664,303.8909427593575,95.91098671614722,-14.37506103539426,1944.6105222118,1525.936815123124,167.74331899021564,-1330.9819338690393,57997406.81426569,167.74331899021564,4427.436639095816,21.954283339102037,7062.416418335793,1252.4046917246385,-174.27718969296123,0.0
2009-12-31,3.761829393324695,9.210122981018063,89.88522253979691,0.4983535436291102,-48.96372659128831,-70.33198645643344,107.16977305065198,-0.4363060713777855,17.921062856189863,0.0307910692641587,-54.37655066729939,92.33566787203564,-0.0672983832529467,-14.504582334605857,34.421465336173014,-5.714873048951574,189.58285087575496,-28.471406054841797,-1.267448053613748,126.71674343080844,-73.3950362816613,-58.712443109392325,17.91012608032426,10502.656995697816,1925820.9164754152,17.91012608032426,-319.1790084460308,-138.92847842489113,-365.771332690033,-16.83476816809707,1169.05280587656,-2.6143372209497056
2010-01-29,-5.84233425678131,5.0428115416779935,149.64585846737293,0.1367912365590033,-44.81694218300579,158.38701730231838,-70.200230261441,-0.6515177333543107,14.901435539822248,0.0011934752432586,59.45823799618501,-1176.87813739467,0.0921432015582262,246.96579964801091,54.02023645718316,4.29882772893086,-35.43749608285998,-5.960478457909062,-11.82663533373062,46.13190991661028,-18.27021984269936,-145.1289535124993,-18.28525404686013,463.604491999893,415792.6318994239,-18.28525404686013,-37.60843428700673,-4.363082028642353,-597.4615031668654,2.0829557505680896,344.19242788945326,3.761829393324695
2010-02-26,10.553561319716833,-6.361415004402191,163.44878024428857,0.2174169547028323,-6.047278266127222,79.57070177373821,158.7229667517808,-0.7257420945455202,15.07374611499565,0.0019617201403258,-26.01152800063841,974.663187911877,0.0670252740348615,6.208716250762336,47.91192648233624,-6.992120972138309,24.485894188481325,-0.0221310430513881,0.5306502051015229,1.1252289932121189,3.3246259034808645,3.839052641383432,0.6838440780840074,20.524521277260646,-92443.6382515803,0.6838440780840074,11.81768850826984,0.2523754277182775,16.084506952083757,4.760058118217785,44.69004960857728,-5.84233425678131
2010-03-31,10.490562099428276,6.210606877254184,140.58888230754633,0.2076502503006337,-14.72988450346118,-99.89100758522208,79.28157179021632,0.0386078584934566,41.5182217527172,-0.0030465624930433,-26.724619858424347,446.20263498234,-0.3565559807752692,-10.658782350581532,-220.3808847839715,-13.310993897086746,-453.2573172664152,84.07460551284976,58.96729961497411,-194.46162637302876,23.603653829100267,299.6186740250771,182.12619245478405,-1843.2650038799493,-2743186.2332740054,182.12619245478405,245.3246234639946,14.025028792076498,1498.8489224346304,200.9011319078916,-141.07646027995816,10.553561319716833
2010-04-30,7.071009007724282,11.403632549035752,124.28913103734452,0.69771105503002,-38.77848346624304,98.4122167001695,-100.59821499273691,-2.7861374798023406,47.46355245674828,0.1898662461045839,-59.59153874109798,-1005.8571821662506,0.1392991839880544,20.692221632567907,-77.44363143703504,7.296016988313681,1627.8074506131084,42.75543331206677,44.35146835927043,-117.1324106633515,180.1530716662537,214.10542501255983,70.70069906713258,-4942.620906680088,1757470.9786502495,70.70069906713258,490.9027341969595,-80.53956468563227,1204.9953947229396,76.56133090579806,-2345.52893191212,10.490562099428276
2010-05-31,-9.747477056398775,3.703752355458178,133.19532471498565,0.0733367474344607,-79.94806655488833,181.30610420482293,99.0782793586946,-2.891996142566459,47.691201964337885,0.19173422374484,-37.16998774806414,729.8571169294253,-0.0199193909878658,19.921253751098448,-176.8955490978882,-99.05481080664686,28.66338263181933,3.103908950467712,1.0790523157271537,-1.317555457170016,21.10750841023992,15.404861259189149,3.9146122205643215,25.544137293335552,161106.29478491098,3.9146122205643215,36.141974643384856,-1.9341652150425543,46.91824868168442,10.197389580638855,24.25096407868205,7.071009007724282
2010-06-30,-20.39669847754096,-15.41635717236828,156.2617103880251,1.266887111475448,0.0,58.99481833577522,182.29155667540869,2.1618800339361948,23.94008204187422,0.2576774917148294,-30.288555487171013,623.7315498814773,-0.0767524629119797,16.106578487015213,42.708114289394416,-72.33077044948107,-108.0771661876206,-37.72120439078418,-57.63373121837208,182.49751158252295,-336.1073931699789,-469.0244520614938,-346.5362225559404,-3416.843535698036,246730.0045640096,-346.5362225559404,-83.58333766223495,151.3899077934231,-1015.70539374868,-17.99370936754235,1073.9070948660376,-9.747477056398775
2010-07-30,15.710553479989604,-10.711241494228489,84.25919044872322,0.6138127684999818,-27.230590461540128,-243.2402498420842,58.608281935330965,2.274069865871611,28.88111221091863,0.2630004794706412,-19.97048615392509,458.1445477802631,-0.1926081273424955,-19.52138803121852,-139.43074923034203,-25.13903062963965,-1394.3736450834117,-3.717146284763828,3.6643578263706615,4.787439581756097,-55.80183762938282,-53.49116975598213,-18.81194841096538,-305.65605877494863,-452732.0493513867,-18.81194841096538,-21.423524725872998,-4.361874164676799,-188.1485945754748,-161.25056783020477,300.3702615945816,-20.39669847754096
2010-08-31,-4.609546022962874,12.42777039406284,107.55152150530026,0.8326325735421363,12.879907432507276,-167.15372826396165,-239.70445993059533,2.207181593777156,28.61289230091167,0.2575953047216082,-19.56619915145384,-969.301653659464,-0.3669095868747298,-43.02593314607611,230.9484684438097,-12.587964130952116,-25.67105355192416,-5.103275336320564,-1.4714902236855494,-0.6664152948692816,-31.72232006387776,-21.146410670446585,-0.2937447179103003,12.472417461550664,-554258.8184754848,-0.2937447179103003,-71.68755236020752,0.9793578189824076,-89.59149807908307,-16.677635703437772,-7.481712935936628,15.710553479989604
2010-09-30,22.821002250425185,-9.104556322580931,118.53448697784124,0.44494116399525,8.699776717913853,196.93423491348315,-168.44462273463913,-1.093907301795843,28.118225487594668,-0.1663788254342155,7.952862830677712,931.4676512394448,-0.230156027053237,22.52654739128502,354.3664114991648,-0.5229256120011883,-608.1430701754266,4.7966530196240456,10.114368493182724,-28.01478849402608,255.097043208722,135.1118156950747,51.0523678535588,379.1453442650951,271368.8681549728,51.0523678535588,82.63463547952051,7.651632124881402,263.5835681936396,13.567893512322373,-309.1349993790665,-4.609546022962874
2010-10-29,3.764244891226936,16.94511582447077,118.0187254728878,1.5438844153740503,-18.731111187120177,-143.11806556479354,196.20534482128383,-0.0731161851681126,29.511842212839653,-0.1883000715087278,5.611143404581278,-1147.359228601626,-0.2235203328569674,-10.879323000568547,11.70506220632484,-7.174391381098076,284.1396485458547,4.271054160802066,3.672630990783716,-2.10190767403198,14.497202620582812,60.50178903912297,-7.647586463867583,-284.94487364839654,-160981.00126756728,-7.647586463867583,-58.46297297757064,-3.687268372431042,320.32641326822795,-0.1571287431677319,-110.56768373275484,22.821002250425185
2010-11-30,8.771607586433866,7.13315167495464,130.56526531832844,0.2715053081080469,-1.6127021877540428,270.7314777496265,-145.21527845906624,-0.0430311813405258,30.92790749733345,-0.193354683832982,11.008464891675349,-247.86515918844952,-0.3398640830218475,42.91397259110954,-90.48517196629214,42.20691043617762,253.9777248900448,0.1230023442487322,5.819343754507628,-1.103301183912336,42.15212278965373,110.48998416159634,9.12504775636944,1.2765131559970089,630730.0018917695,9.12504775636944,66.24692455837794,0.5430738058256495,434.3872708803974,5.5086506221866784,-144.59132705390053,3.764244891226936
2010-12-31,4.762525971357812,1.122643520043791,114.92814622740342,0.0067150588904435,-10.967004029590964,113.36455692914268,271.36302413743994,22.155192514597168,39.65296067788877,0.0239317333852618,52.23595577577217,177.7376954847823,0.1437643644785424,6.9316242741078895,-226.2931462422506,25.25305689898147,-96.41801131700775,-54.45644469281575,0.3022640202730144,124.70761874559082,-96.81778217523288,-104.90273997960844,11.633573442205304,6210.120432441106,3321657.1799892336,11.633573442205304,-207.7020815117903,-95.95348476121202,648.2462367629159,-3.1037617348929416,1427.2329096708308,8.771607586433866
2011-01-31,-6.320666417942847,12.413982468694316,141.62400134421338,0.8189330435082183,-20.496519390365293,17.917709169816924,114.01746931131557,21.268430350417574,33.09822475644343,0.0277469581154408,54.8798318854357,-1043.542352457477,-0.1686093661608616,17.15370901935239,501.2722111412411,16.294347128705056,-183.56995035627733,-17.805563062318583,-26.73410475963261,48.51390102975213,103.94911274184528,-98.10247105823557,-22.68242029108589,1647.7043215918548,262949.6212022677,-22.68242029108589,52.42299664788607,9.892646701231584,-603.9160700969278,4.059566967138608,460.76011229166807,4.762525971357812
2011-02-28,5.442489986765336,3.7126408921849343,94.33110492011625,0.0731487797832635,-8.867421944549404,197.9794333464596,17.951087400036215,22.698540715928004,32.6616078162908,0.0283799496403688,53.98899257565644,646.5938223326848,0.1267231202774716,5.580271815567357,93.22879239746511,-1.4884115964161424,-2.594650506525113,0.2805494137525102,-0.4207061279697797,-0.413896709829487,-0.3390166872791269,0.7300993434764678,-0.4112615582951662,7.824024768523486,-73752.97524296492,-0.4112615582951662,0.3558296902237998,-8.896312776062231,148.84481250590397,3.3751543959388077,9.883797433098607,-6.320666417942847
2011-03-31,4.724587274028727,6.450668789088639,142.7156162209095,0.2212671427467032,12.97668046200082,58.88234751733981,197.1506627139874,-4.405534317145427,-15.550351056597131,-1.9327926781277291,53.37502606448655,896.4799338671398,0.0987019918293263,-12.563107794508142,221.25281183211783,-0.7252837794186462,729.1939767409583,30.786646464475155,-30.67558898589259,-202.0782060512408,-99.58992164380744,213.4058083539485,138.69226621392596,-2999.703297084596,-308179.5496992022,138.69226621392596,99.66678090319238,359.3902392716195,501.5639402110392,117.56495870199636,10.832922069265804,5.442489986765336
2011-04-29,7.741432872559066,0.8646878169087917,117.66362941656652,0.0039680433005804,-13.011050001767789,102.87510214120022,59.09112213458749,-4.724354208099938,1.9640023459214309,-1.9007279774405317,41.0896886942997,-819.1878419448349,0.1072171314617129,10.596283130634674,199.6208045372977,-5.708013804462723,678.3201384004956,13.829617890740453,53.70249585479995,-134.40461349090816,-44.49428055801718,103.40538194769374,60.95492576849136,-499.5771265933786,-35212.376264728606,60.95492576849136,80.09363101152212,-3.06785903518454,370.3476551814274,6.641563305713135,-2839.641680824223,4.724587274028727
2011-05-31,2.508200464512198,5.393248233786391,89.52918010075784,0.1541792511750111,-13.421043612963816,13.791745734873912,103.0894834382525,-4.720942348950624,3.243784306265425,-1.8806290884288337,40.9380377256231,-50.10861029798957,-0.0902629988324861,6.249923620347545,112.21875539871849,4.922622150776817,-0.5771871565466427,1.4067854446089427,2.3802441108483947,-0.8773892156038983,2.719077406951328,4.949059347004095,0.9932487146569996,7.930579558489171,-127206.61687985808,0.9932487146569996,18.507986829070436,-2.323112204290936,-16.056134808613933,2.67751468127949,-82.84699424838982,7.741432872559066
2011-06-30,-5.967177717175284,-2.418215967879579,104.26795974168522,0.0309080268516042,32.30363407739055,86.36128332620208,13.863108678946531,-8.347743758505217,11.67818487744849,-0.0840764807296929,21.815642202522668,653.9365751143976,-0.1996253524219611,15.55090598666493,-135.5740968329912,-8.33983457341941,226.96409491502985,30.945971651759635,-6.273933248969257,189.7553688410701,-26.1811908418631,-352.29087852358066,-192.21170067034677,-3714.068863046961,423218.4840367511,-192.21170067034677,-117.91740782927263,-258.51992228478514,-1696.8465753056653,35.45238198160155,1261.4567205238186,2.508200464512198
2011-07-29,-0.7992946716158403,-3.3414875689020604,99.13641167287912,0.058993746629952,25.952796531183925,-38.64903032337821,86.44461174464399,-7.918107154389166,10.656653707658547,-0.0583167578901464,21.72708538347937,92.97602871597336,0.0809589412647326,2.9148594390035214,-103.99312945860636,15.968835013047569,431.17455004013664,1.198165069190452,-1.671026256413512,4.6250998737620606,4.427373227533508,25.35119626997175,-4.633906920819513,-885.1962488262518,-56903.07347110659,-4.633906920819513,11.467611103113086,4.479877174880521,-73.31724335155286,-139.15206978566243,309.2423990812837,-5.967177717175284
2011-08-31,-7.3692229536231215,-4.491523522223881,161.95668568215254,0.1068108038715653,-2.187998207258575,-53.17931603105175,-38.49929837125451,-7.725619032622713,11.969152942406616,-0.0559465075037479,21.66164441293134,-811.0561505330643,-0.102401195513071,-11.71489203324927,333.71072408343275,-2.210283736126314,-6.607495020072292,-1.941288859970939,0.5146049903301559,-0.0911542221092496,-4.641865502809878,-1.87157753667384,0.1017384137813337,11.352913988999944,-281220.8190272376,0.1017384137813337,-13.187357673034969,1.1065487255845632,-23.832317428478746,-5.24155480365971,-13.5109956355617,-0.7992946716158403
2011-09-30,-1.097114838265325,-11.660648316533347,75.44916868607926,0.7201926619258374,4.563068251019779,-71.58557446320204,-53.14594553203202,-3.7445950411743385,36.101671828982965,-0.3141342742998338,69.66122753921066,761.3313315204741,-0.4433970958175059,-1.890151312848502,51.65210042945762,-16.74751958907649,-1136.1019490470044,-13.844124106089623,2.004860695520364,-26.89943952287686,36.551067907335664,48.26239225999234,65.45101410247419,693.462004298442,3527094.997776456,65.45101410247419,-99.74106736191516,-260.60513457803506,1701.015050222256,-2.188274602130832,-217.42826932341492,-7.3692229536231215
2011-10-31,18.920698823532057,-14.85604481898475,140.9475480066265,1.1726617208234584,-46.15675798512459,-184.9000039805784,-71.19220281280603,-2.510132555627712,38.1335655519228,-0.3180781866805205,66.01767048709502,343.5341796763464,-0.699912346636367,-16.54175379911976,-138.59580249563157,4.186921827824335,-250.5174277820024,5.986246443091432,2.1625687193516683,-1.8695267330563088,-28.75981068384317,0.5051893435684178,-17.807719890216617,-432.44326983653815,-71023.37066979706,-17.807719890216617,-32.1417945273879,-0.4993757213146637,313.86227599004815,-6.031804916091687,-136.50274978108754,-1.097114838265325
2011-11-30,1.8529791746750184,20.19951538838234,104.2541778651485,2.171613696122308,-36.06676925051911,-235.66794316739225,-184.39831932198047,-2.486183637544637,39.88019250731037,-0.3110385178558056,62.26153793540367,-768.7432672257064,-0.2941355954047076,-8.122782526091214,184.61181344705503,-61.320858352072094,46.96643788328129,-8.019493821354047,5.1459512239192975,-0.0150569699683593,1.2124179183917931,72.79791887644114,9.062685303468726,-78.21399847512419,69861.09846761078,9.062685303468726,-6.518594899695017,4.669304043077489,242.1880687123994,-2.2759784260288143,-256.4061661668142,18.920698823532057
2011-12-30,0.0595307682209497,-0.5301613859876161,94.40370646895452,0.0014865340009309,119.14760730995889,324.88796248254863,-238.54018212690036,-6.771562550621413,19.99097096638049,-1.2156297545360606,36.781463663736666,-55.62659429082578,-0.1704577977660903,36.38739966997719,455.2265113453783,43.78570469288036,-1468.3863419365568,-71.92034299574703,-39.58989847358316,123.87369274102416,165.06567767219803,25.021558472745028,16.227015311049655,7465.773730003826,2035877.691864744,16.227015311049655,-321.43145108255976,384.4718038473365,-778.0372175335924,-1.579097657319835,1543.6349202267184,1.8529791746750184
2012-01-31,7.412952896160098,1.3943733130112814,87.92489464686798,0.0102803718803221,-19.837860215175517,-8.481562449563585,325.2001458570907,-6.899554247400064,15.239961876502331,-1.2065126946631954,45.65778641437077,-909.1408854725878,-1.0135426878493128,2.9038096827812296,424.7171987034733,-18.369895604196927,325.850400284196,-8.051305166289183,-14.492571892655874,40.46734418276493,-7.382855801595042,-127.7002703245164,-28.3433179773524,1437.0768705448136,67224.57778136432,-28.3433179773524,2.707205081293978,3.9662870817154072,-615.894482018577,-93.55297651792034,527.6919475815603,0.0595307682209497
2012-02-29,5.099102959494304,9.314180715257018,104.13789328603627,0.4588746746568293,-13.527985745199722,22.27979115877054,-8.473212670122894,-6.893572262925136,14.835385712803824,-1.221542078878056,40.55437616077005,2055.525636058151,-0.6861851929054996,-2.9778872452266114,-132.21173187690442,-14.714409292264577,-3.494230873109018,0.6834207019665541,-0.6136675156120646,-0.3912915814667883,-1.1167806931300674,-1.5688975703146752,-0.5679189043923998,-6.977246744881995,-33074.208454832435,-0.5679189043923998,-4.65953591447942,0.6448761644039536,9.023947088451678,-3.5746613895576047,-200.95500892810355,7.412952896160098
2012-03-30,4.142284219741967,8.198540855138994,112.60128255014332,0.3545954348177057,-22.33003188756429,149.5630141338176,22.3822912163154,-7.127847232270491,42.16803571678837,-1.26570212787673,40.89300981475075,-894.6461343226692,-0.5913410339643388,13.902546180867375,192.30449468973097,12.522606935407223,1490.4807437816337,47.85331763890798,57.34749327231312,-231.89705496828248,-138.0275413550944,190.9235457006864,139.97911236110622,-3647.944869247075,-933991.1619050056,139.97911236110622,47.40005751855824,20.16129239213339,1601.883240915662,155.98861404460126,56.388730055166434,5.099102959494304
2012-04-30,-1.5298873697004582,5.813662144999917,105.02002676706594,0.178050342039159,2.12596083969672,131.71778975571317,150.03662605041882,12.604873102732904,57.6174105330654,-0.1128580627378656,22.159519863464176,-116.96987742205852,-0.9851613994372704,9.613315407788832,424.6027263423021,7.23933051033697,-213.83894824470644,-8.655366568517138,55.05867099505616,-109.33759460797089,-68.96847960251489,60.01216191578487,36.862983734126885,-637.0345937169309,205817.88280628624,36.862983734126885,15.33998848509782,-3.531887987192121,-1807.1562304989768,90.08781950599156,-2819.689700257267,4.142284219741967
2012-05-31,-2.6316865856426808,-1.6220174416455482,119.74025670419172,0.0138460778058084,-53.79392110800308,93.47941009103768,132.01385558862432,12.692893815003137,57.89093698693782,-0.1128324599643837,20.39359447786308,559.9996810073305,0.0059446003097018,6.84528786497458,-530.1855398584253,-8.44011356692522,10.61907220492276,0.255441436630349,0.7406320669905995,0.3994193829654477,2.150970911858849,1.5604386895613516,0.2357076352027434,11.329170203012836,204458.09351326525,0.2357076352027434,5.21285989482476,-0.3833290332420773,37.56507668389713,2.4138406347742603,-146.48245745097438,-1.5298873697004582
2012-06-29,6.862428348193286,-12.13356947944103,155.728092572306,0.7752396360102628,2.211597980912212,-26.029908163144704,93.38871737722415,-3.876957974798832,14.54416164842788,-0.42471125579459,25.50336832083083,-103.38536150844313,0.0072091983506545,-2.961279327444572,-428.3358568594592,-18.174298951328467,287.9154488026438,-30.44990158591628,-70.78075453632707,200.93306834186612,-17.13550629488782,-270.60683210815614,-214.4082676810546,-3961.030722826112,-891068.0409697294,-214.4082676810546,-210.5657682080123,-424.5011379334178,-535.8284497915984,-17.41142630200079,1313.734576183285,-2.6316865856426808
2012-07-31,1.811470621175495,7.240617789029304,85.2775899896388,0.2763197946728644,71.91329963336388,-194.42509975603943,-25.976234167646467,-3.708466310566669,13.017629925815942,-0.4333427767148594,27.577232232842327,-236.54835444937865,0.2490278774821259,-6.287712526389896,158.3650636765858,-4.626041313298174,628.371953955414,1.0662974280821231,-26.38062491308025,2.877907350522147,-23.213457201015217,-11.79137066848989,-11.056977482355194,-913.2856060963366,227489.5852035508,-11.056977482355194,8.943955612528498,4.717510975099685,79.1595769838359,-2.063633442780656,379.391328625186,6.862428348193286
2012-08-31,1.6707779016150055,1.4959869713411174,125.53340454786118,0.0117718592125536,-24.39374424056187,116.55127966009438,-195.13180382112367,-3.760258648422029,12.54183339440808,-0.4427142869997432,26.968849116972905,-68.61108548038465,1.076047491599498,11.060893273250713,219.550945448028,21.65132490503544,-5.507610380694587,1.9224535343953448,0.2433048613342237,0.1120815478809262,1.2744868314546238,5.931691034909818,1.0107585695750174,3.1121103967371937,235236.11921630052,1.0107585695750174,8.989120256914248,-6.86988803925243,53.05561221212065,5.26359642215175,-13.286333105614348,1.811470621175495
2012-09-28,-4.524356326713793,4.789201300215333,120.88080661456624,0.1205815869034686,11.65367949959452,24.06172322006781,116.69328163368684,-6.366093366335503,-65.08308501081775,-1.3333392216522888,13.78612749559175,-241.686179344272,-0.2364617857935957,3.7209857414954968,-226.11028049449808,-4.090390432197182,58.01874526941856,-24.91034966595197,-27.75196246728221,-37.44025613717751,83.03129408616383,-36.325309888796255,2.329112865587902,387.206102716508,891784.5957100689,2.329112865587902,253.92516746672757,482.8163090087892,-420.7310473537282,-24.03357106536532,-402.2153991981205,1.6707779016150055
2012-10-31,-7.157083334539448,5.123940180236289,85.37506857797172,0.1379945702711303,-33.85377464920852,77.0334535312112,24.07568836983502,-5.210425742466936,-62.81979931768112,-1.3149094261218064,57.3583564484598,481.3470480151234,0.242079530748775,1.774713894155866,-182.76279569206463,3.756563093336183,-322.2686068200041,4.345813420301568,2.313517567528095,3.651106912238677,0.8166971175678555,-0.7764204721243004,-17.05997694684494,-315.5061165515107,79301.13209620118,-17.05997694684494,17.774121067264787,-10.166713753729056,-2.0604493693881523,5.789354025549301,11.122646853682513,-4.524356326713793
2012-11-30,-6.178260510366815,-3.370514129538421,107.08203516232696,0.0598432600911351,37.58342722286981,82.07799801395407,76.73380087601113,-5.142735973749108,-58.03451688640857,-1.2861141065913784,55.162994606608734,-465.1288661394899,-0.0363680777559132,-11.901459607145624,-187.8747878825219,-1.7344629217893726,322.373851580272,-12.255912889671947,7.376752107688844,-0.5192833634246243,-23.23346273889183,46.36318968560181,3.228946824382035,-79.88517904357434,191941.39065790176,3.228946824382035,-40.334963682561465,-3.3520145020346206,409.8936039680193,-12.599473610931682,-255.5180972907448,-7.157083334539448
2012-12-31,-1.2630992112052717,1.4707531384528358,91.88032392069158,0.0114262199179755,-4.593771773579854,-53.84033148683549,81.6669958181338,29.651219997458945,76.83483759727027,-0.0309227479350014,67.1497593265029,1861.287000249304,0.0455865295107695,-15.261112529217373,396.842430979474,-47.36875675709837,963.6450859863372,-46.91804500332111,52.06317635093042,111.17223031493714,54.6131966845187,-18.73938345435954,11.432691034816187,5744.164087410407,2609411.5382665694,11.432691034816187,-197.05363436983225,-238.1010944789249,-772.8598180590889,10.084747255332104,1446.0951543699753,-6.178260510366815
2013-01-31,8.008312789591736,2.2154988343843582,124.04380970028332,0.0259872513376592,74.89983327397226,23.452003349805143,-53.596477210628265,30.06221249200921,70.1057214533448,-0.0198331817106835,74.13084272155594,-2155.585575990981,0.2617862713593766,-13.734450333303812,66.26699170620486,-6.091904467502815,-125.7465261835423,-2.7637365047819458,-15.61094959350072,36.48784457131609,103.20189882299404,-9.43800152033782,-13.095491351060716,1170.692424367414,-467876.6535128355,-13.095491351060716,-46.45128736216384,12.676571847663766,-597.0889747730243,-6.513059639962421,633.248169056289,-1.2630992112052717
2013-02-28,3.964056355926485,10.22369371512991,91.53413923786708,0.5541656463524987,-18.626183719928548,35.29900038572776,23.379562548936967,30.50041952111367,70.12712738557312,-0.0205516453410397,70.55481022524584,554.0855218275974,-0.1141625339984973,-9.324390392777332,-16.38679397630449,2.74300707062028,-6.412885264499892,-0.9428450797691426,-0.4584548289024894,-0.2824692364421537,-2.62442993626496,-3.6816015664508086,-1.2237528400525548,-9.932841090128022,-404003.25104510784,-1.2237528400525548,-16.416087780877206,-1.3719208403399534,-0.2649902916136852,-4.047690163909692,-130.83304512862196,8.008312789591736
2013-03-29,4.419187463178583,2.424397109053885,108.06814176669754,0.0310747189412986,-24.819234696481253,163.9835346162754,35.48602014608637,30.466259269444528,81.86267985331484,-0.0862616865465568,49.18356477030621,1186.322233513024,0.0348776359149578,15.944051015536845,20.863101530018863,-9.039966565582631,47.4340062392821,31.790328432274748,27.41464324771985,-205.62818576330443,16.75614653797652,312.0826413969007,115.85145378392257,-2174.774837947941,228200.65613931415,115.85145378392257,121.31908693430842,40.78002604166686,1399.536118881454,23.78438652417094,-50.14261094769813,3.964056355926485
2013-04-30,2.8990245939708856,7.483971115797428,108.17825852897948,0.2956852108910241,0.0,38.87780604075712,164.41069541606151,31.18651242148141,67.03500880034734,-0.0461871735938186,21.252486024141263,-1087.8321689988702,-0.171011894175475,7.880606119970707,-268.92858290941103,-9.79258419263394,-2136.929263284742,47.61916628100786,20.361178010028453,-84.04011023799058,-52.23444103720317,45.020879829474325,63.10705948594594,-572.4433437174025,558095.1842634529,63.10705948594594,-33.86345877696294,-4945.522130639435,2609.134569416402,16.734805166329807,-2934.4203357052656,4.419187463178583
2013-05-31,10.974636274663617,2.915939638027288,88.12904847141046,0.0448503651100152,-6.9946082730147,120.08745193305424,38.95862146760533,30.85844300374332,67.78434895915925,-0.0445021722483192,19.453503453068585,384.23135538690985,0.0625081682222408,6.30508316383748,-252.12889784150468,1.5508573041605018,1.4807174582892912,-0.1901908160747893,1.4271130060397752,0.0519197772083828,-1.2534293535759389,2.064001812718061,1.235042324465894,1.526028642313122,302445.6819496453,1.235042324465894,9.600024134500927,44.322904432207,3.270986606805309,2.4639365957784776,-187.33180437167312,2.8990245939708856
2013-06-28,-2.4369343853263685,5.2392268437486855,125.7051495879457,0.1446821244137545,-29.527995375111743,46.84134206476816,120.320430445317,1.941067250292503,-8.909315502786805,-0.0985127868676847,-63.5380143499364,-539.2250646310295,-0.070080618103594,5.896826733815487,-145.81724585119252,4.177167732072093,760.9972778706829,7.0857638169899815,-68.21745513633739,177.42626555942783,27.67555093286569,-351.4495918847524,-201.12106193152607,-3040.8017633209497,-2419471.526652351,-201.12106193152607,-139.11230856040856,5018.699876299589,-3560.5191897283376,7.21522500497008,1010.5973886641012,10.974636274663617
2013-07-31,9.31465008502922,-2.2999091287551727,175.7089980728295,0.0277658397883286,-28.75559003671283,84.68351030877764,47.16704090421328,2.1177230720351887,-11.405077363021809,-0.087148107146467,-70.8504383833184,-232.71218028657177,0.3173851321925571,21.17526030541012,272.5416360537881,26.428858953077,861.6046898633772,5.40581119943073,-3.183385842336932,-0.5643775523683665,1.8122273313313144,11.254409839916208,-10.05698617496784,-746.1792876552857,-3241166.161150515,-10.05698617496784,70.31221459816243,18.56528555236716,157.5279130077588,-156.59801480639453,711.1051619015549,-2.4369343853263685
2013-08-30,-13.49644486707485,10.460888417721588,120.4468706715871,0.5749467262759608,4.175711487476315,-36.96013429119624,84.54366652885007,2.062323037085652,-10.509298575958663,-0.0857632441834104,-68.8496713430914,-292.5621153811985,-0.1048246185711221,-5.064020788308426,381.7879599798714,-24.82692197232072,-11.569137801901888,-0.6484111050992283,0.7445951075170711,0.1166204946832252,-3.209149888448337,-1.3345848571916576,0.3010041743732401,-1.4539138702366472,-74525.24678284675,0.3010041743732401,-3.873240059352611,-1.8748453737797772,-11.858571570581262,-2.00961104985754,17.547612043813615,9.31465008502922
2013-09-30,2.0486463318807244,-5.245901327734987,99.86864088282908,0.1441257724264183,-10.971947437151416,169.28256391643086,-37.18376217930061,5.991718835430493,-24.08256839572797,-0.0848692900693535,-54.38165024846519,2238.9031770409742,-0.0495307659064252,18.52361841803804,-143.17642121626886,21.531188299192337,1043.998067125941,-9.46925809269925,-14.217140774076457,-32.02436657994295,63.87438068669098,-80.27191889152368,-37.40426344424611,436.88267130317246,1014647.3336019368,-37.40426344424611,78.39758356115908,66.55091627845091,-273.1842527921308,-1.2563313916455172,-176.8184989011729,-13.49644486707485
2013-10-31,-1.0997630220037458,7.031454244829128,130.05212856735056,0.2602110980119188,-11.911022320399438,-83.83595779597925,167.71342798184438,6.790145550391685,-18.233428150160755,-0.0666640754577524,-88.28206189119551,4962.360093219815,-0.0897292581965594,-28.549698909090694,112.75146916660924,-22.121955227577217,-748.9948966871625,10.777731202644476,5.352008632763443,3.835854829396416,-28.824842195683686,-7.724754112553228,-9.22154339532926,-292.90201807252623,-522592.7784127742,-9.22154339532926,40.75585666175084,-22.52236296803244,112.69849394221455,-3.357126211925788,-347.20204050945136,2.0486463318807244
2013-11-29,7.813522417685622,7.78282912706835,95.4838746511833,0.3187067463540293,-46.29690441709772,112.97333574966046,-83.87196584732236,6.866241402785508,-16.537679741206095,-0.0666844705398135,-89.13545293498967,-5136.886012457721,-0.0990995702144434,1.310623916665918,-196.712522591562,9.435212059068022,51.77065386126469,-4.4895107237096,4.477966809219595,1.7176337493986198,-28.67580590671264,48.04417619101491,8.04069969541137,-192.5698481638865,3158385.066429071,8.04069969541137,8.044980721076172,3.019346606150066,339.53354849767857,-6.033890222801574,-273.9892991473037,-1.0997630220037458
2013-12-31,-6.001954974481491,5.863128012932569,130.20901141497467,0.1807024399155465,-1.940462818827192,125.32923141606072,113.2607088818547,-56.277804576125455,35.85963806925658,0.671623328031016,14.97916106193407,-152.31237327210374,0.0191662513178112,7.765429859276082,-82.49365588204114,6.616555492170477,-591.6863186554751,-44.87355626259142,13.393941149234834,135.70679417008105,429.018950732471,112.39241762884512,-87.66078649370085,5791.749304915073,3596315.804331452,-87.66078649370085,-138.1356774031242,-3246.331919972812,1649.357008170904,1.3394567992238535,1276.5747930052648,7.813522417685622
2014-01-31,-19.9818587683104,5.284561297654176,120.87850276012382,0.1464480803123301,-3.578062942876842,94.78005298207688,125.93199054926596,-54.0127425234271,28.19943785876954,0.6256825664836048,142.1514034127311,-1820.898633072084,0.1489666060131629,14.719397666295665,-11.64116335563449,29.01369573110605,1936.2677288366544,-8.40538607149631,-13.500635364203362,37.45502252663124,51.91043105036715,-88.35555023256666,-34.385640899141805,1157.0132663363256,437142.0822506696,-34.385640899141805,15.895600216226285,37.94655934430057,-589.2549215403978,4.962077047702451,1559.4959227250306,-6.001954974481491
2014-02-28,15.215814213911637,-6.423160509531698,93.70750301352544,0.2168692158559418,-32.67803330800183,84.85112688565536,94.36642690382176,-51.58962313152332,28.325151290789336,0.6247533906996183,138.41621896322476,1395.958493803607,-0.0128870126360283,-13.42064140047205,-271.9756124188428,-4.49137048865191,-42.9034778625919,-1.271902292759762,-0.0902596004676752,-1.292215241810709,-18.85341510596436,-9.717952334278609,3.0631591342986724,-31.397956254723795,-3395391.519480869,3.0631591342986724,-19.11616698522994,5.713215104001392,-34.52617229533462,-7.282549486411426,-157.38506388487122,-19.9818587683104
2014-03-31,4.618926607447314,8.588206283159009,120.83697905300642,0.3903448216489328,46.65039336582127,-102.043221769236,83.75481254867569,-49.37713163934587,58.414729360555135,0.6375432353136918,132.34056410504712,1269.6460141402615,-0.0183881641804433,-39.5603704938294,148.25294707328828,-13.557848845721535,-1070.900861697958,34.79860616859435,56.02218998986493,-207.2693085530799,53.10091403882552,333.4639521541353,97.61702051618865,-2796.962961213357,-1355327.639511034,97.61702051618865,116.02288357127782,17.24780526193308,1064.90223373365,148.12282138890305,-474.4636265557076,15.215814213911637
2014-04-30,-0.3890155938124013,0.8149545166877045,90.67921554129254,0.0034967916960311,11.531369827434943,138.7116828720832,-103.042460410118,5.420855545048567,118.19670628013952,0.1702219184078255,-64.03648294385216,-1830.423288752173,0.1115268418528216,29.595118663473382,-64.90374424463027,26.50332547793357,-1175.4142729617938,61.4640893037033,77.89863974165627,-144.85060131143837,42.26749638444289,186.01420087850283,53.842865773555246,-557.6413518296627,343266.6697771847,53.842865773555246,252.41686250054408,2791.96651156333,5853.218383612842,14.452743095546792,-3290.3296383469897,4.618926607447314
2014-05-30,-3.936239747426512,-0.3617221888521731,115.46155479211048,0.0006879258955678,-10.903707402058654,13.123502053822705,139.01424567642582,5.496711879750737,118.5783481134572,0.1718112740790435,-65.18299611794751,-575.8523269918451,0.1855015007708225,6.65686242827087,43.35076256008119,8.456633979819685,34.66233620296589,1.100908533607253,0.804484204975978,-1.5406391473530905,26.040145064175704,15.625623913513664,-4.751064257272695,8.090341047495258,90325.98987075686,-4.751064257272695,12.7195523187047,-1.7651113510125072,59.397106184209406,3.987407342460074,-23.733464206899956,-0.3890155938124013
2014-06-30,4.169690434505155,3.87683794059798,98.45996948026932,0.0790513992612927,21.76515111677377,-5.814867374149642,13.119270816090625,-2.2586343978417363,16.805959209289522,-0.2721049245421721,-120.44508928118846,452.56684816927736,-0.3292486586426228,-0.9861228808258602,-203.57951018558376,-1.2651767882634315,633.2434038347224,-55.91924254686381,-161.42540029548758,183.7404274549475,-438.1438701343404,-538.1967882795861,24.105839642975997,-3398.603614573271,-1186489.8562791797,24.105839642975997,-78.16185036668958,346.6095750286421,-8556.375939715308,-9.272578566306493,1536.8737013578232,-3.936239747426512
2014-07-31,-5.484195336664642,4.890131252310497,89.61648704343895,0.1259952483057237,3.9401504355755352,62.17561471926412,-5.799020991983399,-2.015822740438819,17.049357599806577,-0.2375522230204416,-107.66412120666295,391.4772367177216,0.0377254751219773,-8.33227543764724,-363.75722087551736,-33.508572024720706,99.31409007965476,-8.921982505718177,-0.130860333225101,4.474901327158904,19.02046590971804,17.316027432730607,-5.545300404871291,-744.9359871781345,-449049.9005949348,-5.545300404871291,-71.20492098824525,5.776893359552517,-10.162048154425063,-281.11005604232446,723.8701937374015,4.169690434505155
2014-08-29,9.28672350593212,-3.915957413777911,100.550915983034,0.0807116177458833,-25.016524529259023,78.67811011135908,62.266174309466365,-2.0051502244160053,16.18679868147309,-0.2464354464300636,-112.10107554416646,119.006431280201,0.0395084673183045,4.441222526885667,312.01344691019534,8.158635944660318,16.107053113612437,1.049606538765829,-1.8593648047340707,0.0062779642898664,-0.1512246010934177,-0.3404143814661893,-0.3427334030402633,-4.499929936727995,-107854.80676396936,-0.3427334030402633,3.5662811313786733,4.386245225207617,-2.863818808508768,1.263968901571161,-6.884622904610978,-5.484195336664642
2014-09-30,-4.501415128943475,7.871322224054184,111.221185460305,0.3268625338815992,-34.753368569103266,-62.71546787671592,78.39894626078686,8.605791336516964,21.07162819693344,0.8064426055905438,76.52636052720125,-535.5066325239318,0.0121224932486967,-10.834915511145027,71.51970963059739,-27.859366407853457,-1045.591538088407,-11.920234084979114,40.47883813905159,-17.848810118196457,-58.90058214524333,-13.11984398489085,49.51663451621155,445.1446291234895,1040576.3271471636,49.51663451621155,75.29764239887754,-168.00540161265377,-29.32478027035449,-6.3430526220688535,-143.59559096097303,9.28672350593212
2014-10-31,4.180796284381019,-3.7821849939155183,94.56108015114496,0.0752527418998774,-33.1534909704854,127.09787055908838,-63.0839551718295,9.659167021872811,24.17181473177606,0.8039870294319613,-188.7835740279423,-248.26751344102104,0.091557190388416,17.878226152348816,102.78786938002952,21.141259775826114,171.91767623121996,-0.0714960392629677,4.744910908639042,-0.0508151338913887,27.71553302177108,47.98410147054551,-15.290195619714057,-342.7486213974935,272086.95376586914,-15.290195619714057,11.975763346673377,-6.528863303186746,292.72039959887024,4.991644625359868,-584.2421606617606,-4.501415128943475
2014-11-28,17.092886134829754,4.721183691979348,113.45801403434058,0.1174994765859404,3.735266682549683,-60.70723094376154,126.70049579287138,9.170570526795288,27.022762302200967,0.7743350911004263,-183.2529840796541,-33.60829754967608,-0.1257958052090479,-9.569358688674129,-35.65606275149639,-11.496615048510703,111.23667375151172,-1.5534886903643326,5.434529113178414,-2.1386754052976293,-14.645929970158704,48.7556082859287,4.9190669156582345,-161.33247643098207,3392808.768560067,4.9190669156582345,-4.251151593213763,1.174844986468699,364.7749513467743,-4.229842448695536,-272.54593282105026,4.180796284381019
2014-12-31,-5.337201462683148,4.785433619374081,94.76934667166574,0.1204986471327571,40.18016190635674,76.14242992455236,-60.87251702869726,-1.5879532516232806,10.367102456676232,0.4245694949465294,-97.8925218978402,33.960254800336315,0.2731421556290279,8.307239502030825,-231.5654465346729,24.50001181454178,-332.42655234603853,-31.76639004845407,-14.1924815330743,133.9746794687352,265.9803749962439,31.755471554046157,-33.402431899973266,6817.79437800174,922981.2850644886,-33.402431899973266,-201.74144567750864,180.23557144402457,-525.3019967732025,6.067825047847009,1750.6677403563274,17.092886134829754
2015-01-30,1.6770931439692789,-0.114666278683234,120.02263685971596,6.882041539980453e-05,1.663997190262922,77.88495436939984,76.97996846024657,-3.1346680810816308,5.440260587442196,0.4215199413229282,-89.42062395620485,-635.3051517078568,0.4013858284135487,33.65268842905425,-101.71227238870608,29.566651922725494,398.2223357387975,-2.8016944811129463,-10.869009258164212,41.25303914194461,3.8613049387531646,-129.3891053476766,-18.598815248406154,1442.9733761599664,1053503.9374876916,-18.598815248406154,6.517631406135479,10.825924637049596,-434.3007551265355,13.753119425624163,663.0671613104887,-5.337201462683148
2015-02-27,9.070593218920836,-6.019815559729297,89.00637923167312,0.1901892797966507,-46.544082636203626,-1.8484784380016124,77.55212321209393,-3.505250519922701,7.045886180497215,0.4050005547030596,-82.54513631568808,586.2631314547282,0.0242014930753011,-13.217919434331634,176.4931683840298,0.2468310026194444,-30.667835571669,-1.2035025986238566,1.0294530918766895,-1.26366196544663,-26.556872731006024,-8.396431704943325,2.926694113563421,-33.19930337382357,-3466326.796854198,2.926694113563421,-19.54519079383317,-4.595314565607737,15.423179862886172,-4.2454171572517225,21.822291324871912,1.6770931439692789
2015-03-31,5.0106613850443855,11.36234916957195,102.72346765075385,0.6770686546120388,-4.586857419723122,-97.40798488583208,-1.8504326453498985,-3.580540100203135,30.10970096779674,0.4003091314216605,-83.75393035700786,1096.7458868200088,-0.2739765165033123,3.2560350457301865,-156.29340995233542,3.7285373239668615,-531.4831592494456,95.302360744322,44.3814937223456,-217.5115062581124,-135.1364728986382,199.13584878670716,147.78364828214848,-3109.1270528334494,-4746676.633286044,147.78364828214848,324.309461601506,6.076081862278301,1335.225596231522,308.8131476348651,-157.73071802377217,9.070593218920836
2015-04-30,-9.623282776100607,-2.1525581733495245,130.71178869365022,0.0242446765975443,9.634359878156992,184.7053692096264,-97.93045938281196,18.896427481925706,57.63753759327447,0.4746968741744585,-111.53494368558924,-1210.588266624619,0.1623864345418599,16.537210245729057,-34.93580974632994,7.179707731363521,-288.3778708697514,9.38065245692752,53.24539790120022,-126.20397366468352,-51.09707514542515,31.44906317835876,34.980714704048694,-635.3485857272235,2874556.5970974863,34.980714704048694,84.62228809138924,-330.70358314941825,298.1174231250452,14.450384613292044,-3579.736740790134,5.0106613850443855
2015-05-29,-6.739184880644423,1.124372644725481,109.5902582726181,0.0066143055331644,-21.89835564262564,-34.93351422633495,184.81846362899225,19.12357729594396,57.51663389610368,0.4784531139310782,-112.23649049836696,-129.59791033374927,0.0099530260451192,1.8979143004357864,207.09517486114956,-14.061128114345934,6.9667306489564,0.1102833584596396,-0.0637723776399923,0.3111713026951008,0.4567488200345906,-1.5172569882436164,-0.2143050121672729,1.2860075535695614,3430.4680664092302,-0.2143050121672729,-0.3917254288335243,-1.4894489203283283,13.978162858704309,0.6258391332012252,-0.7795065861148487,-9.623282776100607
2015-06-30,2.49556452805849,2.5736651158943475,123.66621352853588,0.0347659692320973,-37.63156289132439,18.13301035504156,-34.718218046794135,-4.513375141930989,-1.833503826726771,-0.4356778890810148,-187.8602830345129,440.5208250377784,-0.246414153994495,-19.11502300708844,-46.201857481332695,-5.711805166434317,2154.1721624753127,88.93292568077078,-105.85229073898591,201.25051246771432,70.457055799116,-331.8632311475535,-172.67760558209565,-3390.16886157861,-1370896.4502296224,-172.67760558209565,1733.8559328878418,291.6689500178088,-1176.1663501558105,-146.47562198595938,1269.0437701686951,-6.739184880644423
2015-07-31,0.0886361308882368,-2.928742194944423,134.5225714845457,0.0451560873379222,-3.467360716540403,41.44780339927828,18.04983329539949,-4.4116684426153725,-1.4397840125044388,-0.3985430050744712,-172.9063634441188,224.15867687407035,0.0339471448405213,-14.139354473620187,55.20118481783015,-3.854673493189068,-108.64638554370232,-9.753899745669514,-3.5656693279338896,7.164662531544671,4.2562079961790005,4.052371871350488,-4.725016701449107,-769.5614410346104,-417194.18614819646,-4.725016701449107,-67.63413914895318,11.551637403601106,-359.825915197478,-326.74638174245933,1054.270029768632,2.49556452805849
2015-08-31,-10.332570255408664,2.904126281245992,163.8381073810246,0.0443826686432077,-3.373548762009062,-47.32948146955972,41.466644336805146,-4.4534990684262565,-1.9098746798712067,-0.4033868620991809,-175.3897048898231,-939.894634539076,-0.0500503546539423,1.3947623131093678,58.34394926974312,-3.9640847537431223,-5.407484754223333,0.7998880730110045,-0.2969961181068612,-0.0544951670958582,-0.4734353296548761,-0.7538385738353099,0.1318826029266731,-1.9979737421597288,-222137.71638944745,0.1318826029266731,12.538293501344924,1.4760707619007576,18.490461264676924,0.2328968590995828,-6.766948052226326,0.0886361308882368
2015-09-30,-4.229934072072553,-11.843215298016965,122.00180134979492,0.7378444665429503,9.6856528671787,46.98473686691667,-47.40171384276344,0.8517334379840031,8.729634868179009,0.0495433777611567,-242.41999579258112,1777.4925726448805,-0.2451125244788663,4.684861149718017,57.04980596446842,1.5971269776203485,1034.842984687475,0.6247136865722496,10.782776537408154,-34.15647119910185,132.48589391749874,47.84635885272292,12.362078780020065,483.8601330307539,1297852.7515945062,12.362078780020065,-44.120544507462,-438.8535025095376,232.74645999698168,-16.97677468919278,-617.1289631742329,-10.332570255408664
2015-10-30,-2.565715264141228,-5.90404524525037,111.56233126906264,0.1840947284204758,28.251505057622207,-190.13751374253675,46.64128697449279,1.1803906329995355,6.827000909130823,0.0408572254446409,-160.19541162382254,-1006.46540085786,0.0322973040013927,-22.473228613117044,-181.6338953505698,-19.79916744995819,501.539163443802,-193.2633629928237,2.451271567916322,24.084580526728672,3.582888761538925,58.79952723371935,-14.574119413693282,-525.0693684431355,2220256.547640994,-14.574119413693282,-1990.5632468761887,42.95202572170149,319.3534352004244,16.82965566904477,-196.688203165228,-4.229934072072553
2015-11-30,-8.690417333597903,14.112339643245846,102.39018580763523,1.053395030931466,16.62027363670937,-94.80580244188748,-189.4255003755709,1.4119695255097675,5.275126480131463,0.0405695003060733,-170.1671704195782,-275.3794264886774,0.2282880116492442,-11.42859773625787,-42.63672436417141,4.219218693366145,-39.130025976405705,0.544536070367883,-1.0460797213923598,-0.3059315914045619,-4.112344099796246,-5.005779655504739,-1.845733519976264,4.461292773782816,-132861.11091683805,-1.845733519976264,-28.17079176614152,-14.71595991662292,-15.919441644286051,-3.060662567559575,-320.8061153074974,-2.565715264141228
2015-12-31,-5.471105023392352,1.055217489296972,109.27500987805662,0.0058927336425744,-57.24349225649232,226.5764007086221,-94.64858025163429,-22.866260688014417,15.0196349591407,0.0432063190717051,-230.50370685544684,396.2810656993842,0.4820213599833476,-5.042224363383411,131.56385273846115,-13.970530270768904,-530.4155728207006,-42.969876473917566,-1.091599868764149,106.50653350191858,401.3053660498326,150.16139496243295,-11.94052430900834,6609.502759188287,666903.2947672158,-11.94052430900834,-240.7965721114492,47.65584567480829,-26.388945873248304,124.4357911809102,1785.0673064772218,-8.690417333597903
2016-01-29,7.364285121113217,-4.128346377367489,100.323086920251,0.0905622737211867,-28.574914445619413,16.840846924033638,225.1030312241216,-25.90034160297101,11.53453485309424,0.0556577910087098,-203.1048989842202,-962.4746336527714,0.3488017607849212,-19.738739954828816,116.5610898338432,-48.02926000605365,-328.04437994153614,-4.464731590697198,-9.91937240079109,32.946919799853944,-16.432778262776537,-90.01379139056075,-10.050588019815237,826.2974638641836,60060.454564765096,-10.050588019815237,25.119378581176534,10.131157899800256,-588.6717828104502,-0.3022071206446526,856.7577559603274,-5.471105023392352
2016-02-29,2.328636316956213,-11.1530528788022,108.02702788397522,0.6627753655913934,98.60564355182116,-65.86762713041875,16.7677835595165,-25.3216012217902,12.058800553344469,0.0552841993197075,-201.04354324568783,415.1236806526531,0.0801913016694282,-13.083527059214704,-117.15426271488434,6.6767703673711765,-42.00483700482528,-0.6524962662923031,0.2354526356229485,-1.78085526959444,-28.54885305163816,-9.405679717358224,1.5971906991577,-37.70666852143859,149827.5330055654,1.5971906991577,-18.177157212806375,4.584261935129803,-3.574870703544548,-6.56485293368587,-118.84775409288112,7.364285121113217
2016-03-31,19.80849249665262,-0.1505575071441727,156.16711525988777,0.0001204731169116,-1.0134932597880322,-179.3131971629211,-66.19281437260508,-26.01331452723828,28.89897015967143,0.0676169217042091,-208.06880249758763,1503.478909100093,-0.0301075001302351,14.823894300388927,-196.6599416531316,13.902592085031188,-1870.816465746748,41.463810826499895,31.48960323366316,-189.99298225503884,79.88565422209649,343.2643323625716,176.26196573669242,-2097.6498305544137,-1987784.596527189,176.26196573669242,147.88560809157798,50.238974143077314,1062.337456181608,192.9648251678807,-550.3036997323511,2.328636316956213
2016-04-29,-17.52393184826603,12.66012188076117,214.2674171741606,0.8516681124838991,-7.969616449266388,-2.4171969809599325,-179.5134148336236,119.62161570670794,72.1647054933758,4.186216826095599,-234.85159540942416,-1522.5032717491804,0.3404835553866778,3.369223396863162,-109.35314765544184,-13.662674538607632,-637.5709020982868,6.256287346648151,49.70959252795684,-148.7298519146821,-94.3144980238144,135.14586316183272,49.70510240773086,-1156.8814907872147,261181.9911055714,49.70510240773086,-82.52138955565806,110.50819447062666,32065.38816252767,32.100499971540785,-2890.727133276763,19.80849249665262
2016-05-31,-4.266266698991476,1.737127117841568,123.45573609004498,0.0159069099540478,-77.79769518283814,205.73194326196457,-2.4471295387262457,145.16829199544972,74.76924085275849,5.057987265110571,14.32538737359539,-124.86213422002902,0.8839567805358595,37.40727720235054,-243.7770688852713,51.87562363420125,15.231181611792636,7.5165509217949875,2.7347595471266857,-1.879696022103417,42.427970827640365,13.982379452776968,-12.354435857215549,20.30398007548274,185332.2139957845,-12.354435857215549,26.60153101002834,-26.841088382400383,6768.8754677917095,20.240779124396795,8.388670018180392,-17.52393184826603
2016-06-30,6.12367441270672,3.3213812821758637,162.73326400829708,0.0585947506410009,-0.2587080284114941,27.67139791216227,203.2868925147586,395.44371281873407,41.58809347384889,1.246849907384563,31.81268044587837,1750.3340270069962,0.1294975921186516,-36.34589579031445,-79.24850795575753,-10.266927944120027,5800.5715513681735,-9.115125757024543,-54.477547285996735,192.52878586106215,-287.0125990904794,-473.5036878996696,-185.45631219524125,-3814.0615179586944,-1677645.0845567733,-185.45631219524125,-74.2509134765678,143.23870506496007,-34138.17604730728,-22.54288673399901,1353.451703490924,-4.266266698991476
2016-07-29,12.891430737319205,-0.0939732108789837,142.29292441217328,4.699083507993628e-05,31.721404844762688,53.13826168364282,27.58173549139461,391.59279967663343,42.49397973538432,1.232779259681584,34.56453485194549,-305.0386358201381,0.2338077618501,-9.791658028918391,-11.74328007712488,17.181406396445027,-24.042782494056155,0.809783971639888,1.591225813224412,2.2733731800451835,-19.37607337484269,-0.9023428851639892,8.863315499717487,-281.48565209282447,-105329.15992608666,8.863315499717487,-14.809342688884044,-0.7326820196863011,-167.12241783361424,-385.9364934572791,636.0153559163728,6.12367441270672
2016-08-31,-9.273119040054691,7.283911708245243,105.47739756476768,0.2821219979182208,16.208615783427206,-1.5099063845041372,53.26977974924005,369.7525310948858,42.53039561131472,1.1657340945783847,34.550288444063845,-1000.771022831484,-0.0380499683302311,7.454962032671574,92.60852341630782,10.291645444074447,17.729546951255543,-1.317095913930558,0.275098440760928,0.3494274604176368,14.485402833992794,7.853358089987978,0.5720273451400146,-0.7452205166453041,217402.4433676153,0.5720273451400146,16.47074676179909,-3.8606136139354703,-279.5258632964069,1.121247972485662,-0.0046419222737199,12.891430737319205
2016-09-30,-6.493692038622943,0.9426512180014274,134.9286881814919,0.0047005554553801,-55.138905319932974,117.9662900774471,-1.5229818949390044,19.57551348456441,12.24872015515104,-1.6121775625040191,30.35394303289921,1466.086171735501,0.0552146329423042,26.14866701892697,103.90347071868246,29.90413853670293,843.2092012619287,-16.442089896454974,-8.063265458138574,-23.445115070832884,113.44839417985396,-36.1523689055241,47.01038998980263,484.11390022429066,-460821.26079370826,47.01038998980263,-85.5689746865155,-207.82984854487552,6876.158579386616,5.086641509112496,-442.6759691600772,-9.273119040054691
2016-10-31,-4.422032560962441,0.4704713132398067,101.7515374305382,0.0011744664956878,58.17917588945045,15.085655711934091,117.17590653578948,20.8801470014359,15.016311886078626,-1.6486666955883116,23.619785020489857,-1108.1809930326076,0.259929513561822,-20.406363117962428,-50.27914197714768,-3.793000622850002,901.318100840548,-2.8141315211334472,7.154887462907922,-1.1349121906049948,-30.495080304984185,20.4150034262384,-21.6573663037573,-552.8064580593623,416129.5810606107,-21.6573663037573,16.26577569837582,-3.161548293730675,741.7042955937904,-8.589428557062547,-246.9062679441447,-6.493692038622943
2016-11-30,13.928707820092722,-3.835826179991457,99.7450905066714,0.0782612388712329,-3.239354652520532,7.516301720872465,15.013946659619158,21.62140789794216,14.263041741060093,-1.6822673824659409,16.855172690401034,-403.4641190710222,-0.3039630444470695,-14.380561222616508,-99.71293606585616,-3.6615016555682582,-25.08677910500592,-0.3136588999018102,-0.808461452535866,0.3881527974970691,-7.177725188487784,-8.729150006500504,-1.8555226114833656,5.475679073080528,-45842.31154088676,-1.8555226114833656,-24.45992021858092,-2.871433935840713,199.1037247475724,-5.132811829623506,-364.0435066997089,-4.422032560962441
2016-12-30,-9.16310589316952,8.910813926710532,121.27269080337362,0.4228297214387868,-22.56170997237345,-61.253257166181,7.494607136393902,43.84959592047103,1.4660392329939054,-1.1708945751315092,94.9290087326607,410.7431529919036,-0.0192152135766168,-8.690481752606047,82.59846202707939,-2.200117005263678,-1151.1046125676255,-45.10867365584244,-12.890531691314578,130.77539553677016,297.9055437974198,91.79102302068463,34.175230494495594,6140.334630340236,2010304.8920114336,34.175230494495594,-168.60548584985327,116.8899674991977,17998.17135864567,-19.208823388363385,1548.7907248781594,13.928707820092722
2017-01-31,-13.134204812656996,3.399547594514916,116.50332681064587,0.0612970954243406,-3.051941037172312,143.72699393091443,-61.79851080927102,39.72589488959884,-5.426118507571899,-1.1517002105789904,102.84130973177292,-691.3270815861076,0.1543100286904373,26.72457309730862,66.74277455307973,38.3500474297191,-2400.18370288225,7.138502239704195,-16.338042861982444,42.33051388756107,138.44276910760982,28.51503760080709,8.273362894972507,1344.215508759663,-256523.10615341365,8.273362894972507,61.78588554420685,17.73250142781813,-1254.3692732804266,14.792659911212128,1021.5115443599536,-9.16310589316952
2017-02-28,0.3252891223722399,3.608331726272066,92.98294902241751,0.0693035302476848,33.366032989381154,54.23778393587676,142.73526927402793,38.649665519243314,-4.8272872289830815,-1.1269461537450385,87.4034739456014,1064.9337623681092,0.1861621290962141,-20.89984084840444,-63.48283803349494,-2.7122719321274644,-34.82173016351226,-0.5436731637230992,-0.4695012490003307,-0.804284296057233,-28.281655935448725,-9.165121638668095,0.4819399227322662,-66.1171644058004,-328053.9388972223,0.4819399227322662,-28.10098076296936,1.6401432289723985,-736.7147941409203,-4.253501547575638,-223.63592645459332,-13.134204812656996
2017-03-31,-8.221629865705644,6.561504580561564,106.30594384937748,0.2300703937554162,-74.2385551044813,57.28351612846703,53.77736725369271,42.85299526192833,7.857254183746828,-1.2083201272170896,85.55239499014822,1452.886344983814,0.6152929027118645,-25.53478943100936,193.69722410479744,-3.474101967504509,-1261.8433095649252,49.96162804161781,25.626047470832265,-173.56912512603793,154.4700942450113,431.73166044866366,188.2704131081288,-2526.5096816914106,-3123322.4948284104,188.2704131081288,53.66782299856595,45.8342606697811,3728.8665672231145,312.75420148228375,-37.74765163721645,0.3252891223722399
2017-04-28,-0.5955632056644293,0.3175525299126226,139.31592937358238,0.0005392050413302,-28.40084261925781,104.57861732581912,57.28415311873006,45.93383852136331,4.786214535848277,-1.3561197370336666,43.44625788962381,-1682.6560046712343,0.0489804612747271,0.0331652971672156,-290.84752792520976,-14.09180793897076,-1260.5730892661527,20.276525030268488,33.575759320598266,-149.8311905172269,8.766813707887195,182.50927122500548,66.28892154707995,-633.9125939535547,527975.4708042964,66.28892154707995,-54.96843293251368,125.59409785128688,-32156.20477541079,75.09655707217053,-3338.368774742975,-8.221629865705644
2017-05-31,-13.137884229782276,2.0191327564170147,120.69767931274916,0.0218783324945373,-22.162165325928573,5.030633596134058,103.88231501979249,45.72814741679625,4.806923711674735,-1.3465442915617796,42.676111813832655,13.607212003264976,-0.0237006483007711,-19.858229891614883,184.41767098896312,-48.34512408950519,-20.12454770161912,-1.424524548933448,-0.8951784915013832,1.782710587880274,-28.706104884869543,-20.937929327044458,-3.840649647184193,-19.70411806183165,-142537.51465713233,-3.840649647184193,-26.572732562580768,-1.067098277166835,-38.84437151286966,-9.95728706152272,9.583148708408771,-0.5955632056644293
2017-06-30,-4.149280581254604,1.9632883310458584,133.12307410157464,0.0206886306365739,-16.01938655480429,32.10789801331098,5.031539633234845,-15.781036490008429,-8.306979558519343,-1.1142822218832675,24.582474145998216,566.6888222282778,-0.0530582163321575,0.5335899175574923,-151.4369078695309,2.9350831870717684,1260.7818567728295,-19.55853306066834,-35.34650655181805,170.47817152648634,299.1329876829513,-235.06930263867457,-285.3651042350303,-3201.8038764718685,-2165960.593183346,-285.3651042350303,-113.30828822461444,-126.1529249628395,6206.354453682238,-10.112637116982796,1422.937084883185,-13.137884229782276
2017-07-31,7.87034725646019,1.4379824255581772,128.18419379671553,0.0111658132208103,7.796334717617538,30.933909029534146,31.808009111927213,-15.104400154074154,-8.86255473044108,-1.0480752004228633,14.582306913684958,-111.32054763695125,0.2354050624130934,-27.67649244845097,-144.2454882531314,-27.84357290484695,192.37899373179607,-5.003697636027511,-5.575912910796987,5.016668227025102,-76.20093761963199,-42.80674430022782,-10.046390023514816,-892.7501157112215,-91956.9627116397,-10.046390023514816,-83.51114955247931,0.0,-194.70632385154568,-389.984965287468,777.5760205350318,-4.149280581254604
2017-08-31,-11.945102709757451,3.4248598049967955,134.74743454930646,0.0634086042130385,-16.510648812049087,22.71440967974253,30.82565650637767,-15.42898547429529,-10.1620511154705,-1.073606238126405,15.044514040917557,-615.1137878506424,-0.009592954208454,-10.272836286394067,-28.7507544773912,-19.195622828544916,-10.63662073429441,-0.5214425284879383,-0.7349591349245941,0.1852922579852425,8.109227263116736,3.501741343968888,0.3595067141247483,-8.747124931905887,-324596.81767107546,0.3595067141247483,-13.182322692059188,0.0,112.01263530952563,-2.4136435857619745,26.05803386792797,7.87034725646019
2017-09-29,13.087993817368144,0.2962299376525441,97.3438224734952,0.000473043721666,-9.701718919940584,54.44693670170325,22.835200865998928,15.010167891038842,-18.108617395404067,-1.0534757936613994,-20.695122447556116,212.21338304096437,-0.1688609396256204,15.556019034538169,-65.47087754069611,-4.715428281969963,-476.2084140107927,0.1148247421054691,2.063797355862832,-43.575540065437416,290.2373673330844,317.9382263467592,102.7578177830525,454.6869911872794,1981536.670594722,102.7578177830525,58.99416469368271,-4.116654635760941,-160.6151988905949,5.454286210970281,-684.6285957201206,-11.945102709757451
2017-10-31,-8.802945852047424,4.571232764037002,98.172057422221,0.1132191354284538,-9.375620608995346,4.655640410600759,53.97746547839802,15.286692297976208,-13.767211414963135,-1.0093276562946507,-30.368161474581434,-573.0121208554824,-0.2005963180878005,-25.357333476358235,-120.64578409465456,3.324024630833861,-201.1869549401963,2.8919353605468245,2.0495316097175333,3.123096632841417,-56.579560341052,-16.397443052941526,-19.146084621306077,-412.51674125789066,-263894.35393669456,-19.146084621306077,20.337722212048448,-7.114997941049369,-295.2676710054675,-9.87752859718944,-234.82180433506647,13.087993817368144
2017-11-30,21.21339356436309,4.120942550733747,113.5370802399118,0.0916102729382866,-26.848214545496685,72.807580741095,4.694209173434891,15.799145163271346,-13.037829501016487,-1.0363375450752073,13.434539313389823,1410.441297822298,0.1727546031757398,24.15257128760049,-112.98560818929278,40.39886020724822,457.35540509679777,1.9231405872094456,5.344220297289894,-1.176203537066158,38.430349753490646,95.91553245629076,12.986402821252426,-162.89299335023816,1470814.9077314583,12.986402821252426,90.46573519794129,3.8298802875716937,677.880822454048,6.412491508822768,-449.2985881523856,-8.802945852047424
2017-12-29,3.0850872831091207,5.668508492976137,110.42939159270756,0.1740156549490894,-7.657686219377394,64.95569805464082,72.36959392858876,33.05686297456988,-38.949417329474734,-1.5338332109233022,75.18643483030453,106.7536590269442,-0.1953190421286521,-17.683756901760717,-120.23195869583742,4.637916927257322,591.8365992099807,-9.025753807455942,-16.01242518782803,134.49389018691792,1375.9370006628335,349.2179023899912,59.73958675416492,5163.610685096504,1164285.006610304,59.73958675416492,-99.05048194198434,108.89887733458713,-6933.341567057238,-7.374269895582529,1440.9165620427102,21.21339356436309
2018-01-31,9.275803152533069,1.9595303084068247,111.05271849659286,0.0206424322376762,-8.235979582883283,90.99786624178962,65.89603855235191,32.57458096717923,-46.87446736361152,-1.5648832026740955,91.6585235404099,-1430.007417716865,0.5816885511225109,42.29972299946712,-167.18986359467942,12.449301230721574,186.1676006237094,14.435966590479724,-16.305533008624167,41.50253788641723,132.3302587885246,-41.57429198161526,-16.681099144924787,1322.8635178938312,418389.3850970268,-16.681099144924787,115.48008833449784,13.688349295219156,-579.7224199486664,27.440989107901714,1209.2840284414565,3.0850872831091207
2018-02-28,-4.34016529044064,10.093794065919036,79.18112130164522,0.5474883493806375,-83.09559087280009,31.27534567315773,91.140782882897,32.340052553204565,-46.204931611749885,-1.5500143750402164,98.17492218544076,226.74001817899853,0.0202471534511445,4.65546731494851,-100.1169796907784,10.105877784966992,7.817484388533558,-0.065290403208877,0.3729690561174834,0.157340826824651,-14.642153110276922,-7.646778889404231,-0.1346018618843913,17.965942291578358,170528.52911753953,-0.1346018618843913,7.3681996810482815,-0.571827173981859,-7.108641767453264,-2.462044322269435,221.54180898706568,9.275803152533069
2018-03-30,3.9903523107505263,-6.926597084643049,134.51521117416326,0.2572660851324382,-10.084328291466589,162.0803569259813,31.478847603725008,32.34165491362981,-28.106061952997614,-1.474661350163532,99.07096917660505,1094.584702410532,0.2545882684961214,19.31788832702523,208.58926332071428,24.61492046759787,1229.3101705559566,13.538824474717671,28.29003816699914,-74.55570741330843,-361.53421520934535,-8.184621286305628,43.63887906044761,-685.1246450433318,162257.6557392627,43.63887906044761,50.78150554541753,40.14541016362304,541.0179432083542,2.834935720415956,40.934103733275606,-4.34016529044064
2018-04-30,2.054411123497184,-4.425338223434294,123.52942061212592,0.1051124234018126,0.0,-110.67476916883756,161.6242246866682,92.34840182403704,61.86517149081021,-0.5890047966664861,15.157168816759787,-241.42916338439045,0.3167353590829087,-8.409502952276398,-266.72213073825094,-0.6377246082178658,2809.5473927845314,8.25624279645001,128.21026679462972,-199.0882019659765,-459.3951280647652,728.0624703856997,205.9871596615864,-1446.9286972242408,-19822.948559314013,205.9871596615864,-16.99395845993149,-23.734306296225185,830.5384522233153,383.8319168637198,-3710.4205326145848,3.9903523107505263
2018-05-31,-0.3690402835835307,0.540647408086093,111.69922463480586,0.0015628934805289,-114.63619748353317,-70.97125824239606,-110.97816430077204,103.23566692390486,54.42311417961764,-0.6729934401222636,17.351961504163633,-1030.8115583145964,1.5876864538181117,8.168569266603754,220.24398930883345,58.80740201195738,430.2203812407224,4.541603986696941,-2.414045617384801,0.0131584815382836,207.18221829610863,185.8526926497425,20.119194806144264,-20.24224141620789,-218659.74882097545,20.119194806144264,-8.446837392726593,8.030259833459894,-24.03745102133053,-81.54088917878084,37.614141307110685,2.054411123497184
2018-06-29,5.807094442715334,4.890183597232781,136.325514200414,0.1277212578912578,-90.02664849489032,8.651485167556269,-71.085822591381,6.962871480255457,-17.47641387014263,-0.1444097490978145,33.41426105798097,1526.4763618084075,-0.102911278552245,4.823273750123462,203.65457745935677,8.144591945859418,-3746.919097807682,-22.135757782320013,-91.33926162176056,121.94863174526655,-847.671657293251,-1396.7296629252255,-550.5127410560582,-3335.706058287635,-675779.8992091864,-550.5127410560582,142.1202253764236,-139.05499086744354,5383.064732898782,92.34279397409136,935.171880375922,-0.3690402835835307
2018-07-31,3.3244163646535623,0.8955879443128569,151.79158587920867,0.0042816797511014,47.10597843893724,78.14296136490893,8.649023901761243,5.766674011227256,-38.19706667230067,-0.1854253577852886,30.605716208025918,-1299.6286169600762,0.2751921238979378,-0.8514188518092851,240.6517116281197,14.867309429137777,-223.4711048788649,-3.135879842271237,-35.56848425351444,16.501651122908928,77.42954062306535,53.19527991740915,0.7814261565244607,0.0,-533778.4486635327,0.7814261565244607,-83.89925008855926,0.0,167.96581682300712,-397.2179068966284,1280.2493671214063,5.807094442715334
2018-08-31,3.2209998672525586,5.878957045350111,136.0082577943294,0.1843117710456808,5.045058435693305,14.349562204264336,78.39181712791364,5.607982742917566,-36.81136252301255,-0.1856552708460232,32.2728964453809,-550.9138310771555,-0.210830435748818,9.52817401280845,-103.2511841356147,5.569609124458111,24.43512875545366,-0.0224976287699973,0.6958457624265861,-0.1766336847179737,-16.646427630931157,-9.453104476948738,2.934350211522805,0.0,316188.78134560585,2.934350211522805,16.040449070606883,0.0,-66.28543890271794,1.2278717714972345,27.05155424818463,3.3244163646535623
2018-09-28,-2.2101514513397413,6.336438019285597,106.75367805590923,0.2139634140132942,77.51352086557452,94.3256206168779,14.384104459798586,176.86808449891603,13.639265004884567,-0.2542042432005053,-19.576643327549625,1615.842724506629,-0.3549783382189062,7.225114773679707,16.296343774354966,-5.701321857422954,1586.9692765202308,-8.306281301008198,2.8730020967446848,-32.19644733145531,-11.043273251096252,51.46197050029559,134.32677038859237,0.0,-1657076.0424935892,134.32677038859237,78.9802413821435,-164.60176878412236,6755.326710847246,-9.319213965457152,-319.19559586817405,3.2209998672525586
2018-10-31,-5.721847455501432,0.112301276617316,113.92625296674254,6.713348778439467e-05,3.116038421395314,101.7961641526893,94.51263487267072,187.5939183239366,16.094172628250746,-0.235923757889786,-46.98846075885487,-1427.551998222843,0.166191947695097,5.965157680579068,225.32702049841487,8.564399533279015,450.17599626710125,1.1911913958261096,5.649360664099845,2.4533049599754904,-80.23343515279475,-12.26843621829903,-17.08824337071772,0.0,325602.1676113531,-17.08824337071772,-11.644043177624098,-16.240483141979695,963.4154753914044,2.007654264601115,-957.0334733527231,-2.2101514513397413
2018-11-30,-11.161042213634564,-14.96640443368448,160.21232905288824,1.1936222261172538,-7.204537601415488,1.7991789206147126,101.628183856521,183.0707448847972,19.10394100595428,-0.2315459855589552,-48.03680810950605,574.8740781113152,-0.5228721797314968,-4.974667001085436,52.12867078970368,-7.209978602678234,12.945257414598018,-0.9579648778056936,4.682297289416184,3.937581762727554,-31.65131435616968,15.618600958182014,2.992299023615061,0.0,138578.6431454122,2.992299023615061,-4.89555929991775,5.697470167484312,21.07744869668022,-1.3899188735013013,-491.231269886496,-5.721847455501432
2018-12-31,-24.48259719739325,3.131101669439852,123.97853886215287,0.0523748914017505,-5.880602633610307,-239.1723067401261,1.7927345541104398,118.68593858733072,-22.599144558811105,-0.7546008871570735,83.23859478389446,148.48842858121498,0.0661597592894267,-10.780172597973433,177.05276455667016,-8.613319769832344,-3292.8124615889064,-43.093205669836976,-14.96438031511697,146.8695605895142,1489.4312008242573,370.8270917252521,-77.60221390417547,4675.74392550782,7991742.006777212,-77.60221390417547,-89.92769121506626,248.82826800725184,-3272.121277102997,-39.93388493318821,1219.400153117167,-11.161042213634564
2019-01-31,13.364922336535107,-18.66577750883225,120.3788937728825,1.8698362220059392,40.20946707969059,49.79619864000748,-237.42128170326575,111.897828148789,-27.871475265416407,-0.7188923567184837,94.12267137239904,-653.874280757052,-0.448244131809453,-21.955479968236432,179.19241810517985,-60.940513287166766,171.2948223203548,0.0804838373261702,-15.231144234307736,17.740105202736316,-29.111004930062336,-91.51247195061114,-8.442891774277786,1150.6219377405714,-331689.1561781913,-8.442891774277786,-5.160487366966208,5.405801886498168,-1056.4697038155136,-3.830963814467964,1893.0884590074293,-24.48259719739325
2019-02-28,5.770441932936859,14.873605660042417,244.2359710499557,1.1985949650551129,43.652637267242085,-293.45301529674487,49.00123866350001,104.14039886922728,-23.879507187306366,-0.6807032219991129,85.96301769585725,-361.352075847743,-0.5276870335887232,-47.524690609606296,108.06474766938923,-17.0608804000517,-118.68986715309074,-2.286193282147508,-0.3545946798323172,-3.1581370043840598,-184.30781685608872,-79.25390018650569,6.519598816366464,-106.83869731395134,-4750315.864768744,6.519598816366464,-57.13717352556614,-3.951592760002967,-753.813164444733,-20.74539571192497,-68.34306131374547,13.364922336535107
2019-03-29,5.36848339930854,6.19440489802294,127.86306079538568,0.2067325336943941,14.729071334138856,238.2520539866211,-296.1678762145898,113.1223531991044,-12.22491182428896,-0.6918951349962675,84.97907417185792,1327.5584887094665,-0.1073984215232819,27.101298639703145,-124.39380320309247,-3.260411252929771,916.6765533685548,9.338928705620305,26.40176019554231,-100.81705091362142,135.27775607254625,741.5972003033216,311.6626106242789,-1007.464570397623,-419493.3888174146,311.6626106242789,33.696835909563106,45.79908440379346,1427.0941401509465,7.659138652637466,-1.7853067730336534,5.770441932936859
2019-04-30,-3.155523354592076,2.031881918425832,185.0706946571182,0.0221830783839297,-12.802837562153227,99.0830452795906,239.24688632457173,119.7351876701759,-39.68589173171419,0.0173783781907147,-50.1502840367786,-1184.355682480401,-0.0217166687574064,12.345074294431017,-77.66000319791863,-1.011727622666399,-434.5115967018337,-5.664005685705121,-52.33655077747834,-182.05569035634676,300.6890217547998,639.3768791893158,146.1887985660154,-1518.550068312611,3873121.283421144,146.1887985660154,-15.195091515359763,-5.609281840905226,1144.4192413025958,400.8727821067214,-3865.263915609135,5.36848339930854
2019-05-31,-24.105443051199344,7.221242749951418,189.43367971383225,0.2798519982638476,-22.70623489475162,32.5064508715755,99.37003534661838,73.92087575647986,-58.234152312875366,-0.3985808242643849,-50.34550889972032,55.98786670520804,0.1154933484357769,8.599191646867894,-414.2660671314803,-23.68055245508901,-20.8602057027947,56.34983660401676,-0.6609113349547755,-0.1285988345762234,83.61569744546796,-12.683477950201905,-17.58154270901099,10.2582140427412,3645.432285308838,-17.58154270901099,22.480651325132385,-40.25258581262412,-982.3534160571362,43.86352437843175,-55.26765865904304,-3.155523354592076
2019-06-28,18.718680575616062,-13.348653297843436,212.0780092883508,0.9580551828112586,-12.811560349583836,115.16901777234392,32.44460889912866,6.961179235341214,14.76158753362538,-0.0098049145694792,-44.7373603172082,1264.8490051574731,-0.3649985717646373,-5.664479178212787,-79.52739444668029,-11.076044822875415,6376.758426785663,-37.20804454180151,22.315256143995697,135.38336320232233,1644.4310348686477,-809.4667811761283,-418.9062652272557,-3694.10676345743,11043103.450273484,-418.9062652272557,-603.8442076296992,-85.34935806714205,-1553.34902753208,18.835519626028827,766.7691364035568,-24.105443051199344
2019-07-31,-5.314424396439747,12.324876888826717,165.7122034408189,0.8243636603092445,-34.54527089089069,-209.87834458961655,113.32638268633318,5.984047668716865,14.408570658619109,-0.0153282889909963,-7.914664026962025,-1094.3882041363318,0.1032624990955781,-47.546972464766895,257.98915600294777,-31.18827153628712,-241.75812896793104,-0.8994314214419319,-2.892479489909448,1.709764042071972,-296.8025854022444,-107.55254819722086,10.952533540529366,-258.41794833132144,-383315.1086411923,10.952533540529366,-77.24391649490053,17.90552152979559,-375.32219303818783,-418.3083087013874,2012.8169075199291,18.718680575616062
2019-08-30,-5.159094642387872,2.1903915276995103,196.2973850105191,0.0258589892907026,-22.054260253215663,197.9805685702813,-212.4415147612956,6.418180761432407,13.167386791920492,-0.0265293165327872,-10.144085869323842,-223.7250121251864,0.3596036869690842,35.712838444982026,-26.541713576084888,27.60186266369772,160.71675101784967,3.606399818366924,0.6262885216310963,0.0578061902187196,176.0235551591959,65.43519004829704,-2.077259741410796,-7.768672144494531,688337.6348474324,-2.077259741410796,30.73824932423713,1.5225641314663907,619.7993188421806,16.07714014353951,5.700146891877239,-5.314424396439747
2019-09-30,6.666128787475361,-4.829741619225125,207.67510499384213,0.1260448175036563,2.544792398567056,34.824240400576265,197.3004636869833,-14.179556740724582,-54.6994512514717,-0.6646924570109843,-70.27660425929842,1720.2517655382926,-0.1919211140892471,-10.168096147024244,-56.04758833790173,3.0876016668665898,-5860.648396724177,-22.83828311647457,0.4850355870348721,-9.912845085511863,2003.9238463381123,782.4143658980429,181.3070949761479,532.7500284999222,475960.0421664417,181.3070949761479,-77.47931174943824,-1.4875222404398727,-361.0984598899486,-29.03014783364631,-306.5774973597049,-5.159094642387872
2019-10-31,0.5413210202365268,2.615640009232313,198.8811157248383,0.037068247331182,25.41432128961148,-76.7173758240408,34.70423201298576,-12.713806734424107,-49.09675113059811,-0.6448575527649352,-91.24238602122088,-1940.2184591956743,0.3979594740261447,-10.165337572782846,164.97116877180974,11.936411199438965,-117.13234398727673,1.8763887335449,6.173926790875811,-0.8056707296923147,-160.16657108829168,-53.59408501750977,-21.58522675624656,-398.9661096306791,260282.63414879143,-21.58522675624656,-3.572948581012497,-12.506074319603725,228.92597344193564,-4.340223619702215,-739.5357392800221,6.666128787475361
2019-11-29,-2.588655950961399,3.766178738263812,229.2896967270714,0.0766768921650697,-2.2780741382758958,41.83527560900807,-77.04059891729928,-12.50031234682009,-45.13915868337251,-0.6268906844446668,-96.2398076392164,-87.43254206679694,-0.2858758592177501,12.385150430797694,-243.42073240685363,17.01978661401421,-150.32320354985222,7.177294823280903,3.8140670261619514,0.9420972041075624,174.0216236684737,85.23770855838893,5.847938552297705,-167.4661275904009,394490.4533278346,5.847938552297705,31.647425360559737,-1.9537312179525497,137.09953411964125,8.218392992980284,-541.9223366112072,0.5413210202365268
2019-12-31,5.191333621021744,7.017491973757441,258.57422370133804,0.2661352581036462,-11.252737991117606,60.13130351590279,41.8563278628995,-6.662477135883466,-152.40483614573637,-1.9219338003925617,-93.3890747096116,1574.6339551241415,-0.0931643242582787,1.4855063707477711,345.99445609584143,-1.2348919126991404,2642.271426947309,-27.02346537822433,-13.849774209996482,104.72331696662351,56.48097311179117,-357.56711736541047,-227.53589645555127,5649.870153609921,1525709.8308541777,-227.53589645555127,-50.11829716648344,44.01881455135013,-702.3170459448338,10.952169522218014,192.3483189649404,-2.588655950961399
2020-01-31,-8.67531601435154,5.042918345288605,183.4526670294028,0.1375941806366016,-3.221230239911032,111.83050251421658,60.034840501280506,-5.251602253690596,-145.32958733718078,-1.2013277496251014,105.76234238236648,-1620.0902910663294,0.1732375216256798,-4.738023991858427,-295.3400267116324,6.475856951884566,1185.5646515975222,-7.745708896804814,1.113667866381391,28.50986436709725,122.6766245024628,-20.40870908523993,-18.741522952609657,834.3186520733761,1147804.8527326137,-18.741522952609657,-68.82920693046253,6.14446241576735,-887.2018526752036,1.8935538062953583,2206.563045667704,5.191333621021744
2020-02-28,-18.82222325938357,-0.2036004488904376,145.28114988387333,0.0002239645652456,-22.143865414652478,80.68611069625608,112.15048122158322,-5.233224784976333,-142.60050098364113,-1.1409210894897546,110.39028433435368,598.968154182518,0.308857862036703,8.43724362836656,102.53450887331904,26.86319310462449,83.29184630641612,-0.0045979248226046,0.6090063374332573,0.9952311896354332,3.0584127218826325,3.806925134953417,1.8696599094588608,19.83016175289322,65173.97772960365,1.8696599094588608,15.378245362212056,-0.4578328141029288,-118.9928660231526,2.3169359303813053,12.077665270475563,-8.67531601435154
2020-03-31,-52.31239046239396,-15.639788393208551,354.9405819966638,1.3245385351598784,-70.51999632259675,-3.234609851688915,80.23049189733322,-4.129151365844771,-146.77971381402674,-1.9973986442482217,110.89550720538088,2014.3350661289985,0.1278267883637518,-16.698732380364618,298.977028942439,-8.007957634008676,-2033.8323236165047,10.92567578266602,9.457497554793775,-119.59862260612812,393.63176947091233,1185.1963716599334,553.0477930093854,-1120.4491161020617,-1211648.929136023,553.0477930093854,-86.93489059341982,62.42566279151457,1105.2610410016714,0.6374341534199175,-269.22644514429544,-18.82222325938357
2020-04-30,19.634893675010225,-26.311927130034867,715.9615314287067,3.774578758383565,-74.19754406887165,-245.90204739971756,-3.193956521485431,17.57142649080163,-8.92101583102615,-0.767219618609633,11.63361066873602,399.4770092105828,-0.1674899998758512,-36.95690105818176,-4.940665362430593,-18.332944069885627,-3700.3392314636712,7.188174671894473,10.249486231032122,-133.18506638904643,-422.3408306214096,194.9086214632389,125.91910225915252,-1615.1289262578066,-630880.7223439962,125.91910225915252,77.50013258876606,-49.44559711305993,284.9546890119982,379.37376979044416,-3222.4515497456346,-52.31239046239396
2020-05-29,14.808457281015592,22.97599341362794,232.33324976891365,2.939855655648681,-49.34224807213023,-401.4851048003901,-237.02127432714167,18.288884806766877,-9.256804942218585,-0.7651969604881822,-23.685505006339337,1794.104970917825,1.3865586555080576,-104.8617370776792,136.9123339897833,-32.56039582024118,-113.58697412831224,-3.776745968159588,-3.810862330811929,8.553798856207308,-841.5273087065543,-424.33986538487807,-51.793321048639086,-121.06029888616104,-681929.5977538228,-51.793321048639086,-134.2592108860431,-8.50584929184464,-345.2355890366889,-50.702932396022106,-350.52152046030096,19.634893675010225
2020-06-30,0.0,0.0,0.0,0.0,0.0,0.0,0.0,0.0,0.0,0.0,0.0,-6568.730195192004,-19.356427997540703,-2798.682315964221,-567.3606472000387,-296.4537346727081,-3999.5436233014,-142.3309703239083,-105.2661977199908,117.44894578246628,-8156.728547203618,-4264.163185177866,-575.3843605845979,-2857.175774802704,-85395565.60656795,-575.3843605845979,-2831.869143010063,-47.38597248114175,-15311.325387061805,-1333.9671366151954,2141.702971403297,14.808457281015592
2020-07-31,0.0,0.0,0.0,0.0,0.0,0.0,0.0,0.0,0.0,0.0,0.0,0.0,0.0,0.0,0.0,0.0,0.0,0.0,0.0,0.0,0.0,0.0,0.0,0.0,0.0,0.0,0.0,0.0,0.0,0.0,0.0,0.0
2020-08-31,0.0,0.0,0.0,0.0,0.0,0.0,0.0,0.0,0.0,0.0,0.0,0.0,0.0,0.0,0.0,0.0,0.0,0.0,0.0,0.0,0.0,0.0,0.0,0.0,0.0,0.0,0.0,0.0,0.0,0.0,0.0,0.0
2020-09-30,0.0,0.0,0.0,0.0,0.0,0.0,0.0,0.0,0.0,0.0,0.0,0.0,0.0,0.0,0.0,0.0,0.0,0.0,0.0,0.0,0.0,0.0,0.0,0.0,0.0,0.0,0.0,0.0,0.0,0.0,0.0,0.0
2020-10-30,0.0,0.0,0.0,0.0,0.0,0.0,0.0,0.0,0.0,0.0,0.0,0.0,0.0,0.0,0.0,0.0,0.0,0.0,0.0,0.0,0.0,0.0,0.0,0.0,0.0,0.0,0.0,0.0,0.0,0.0,0.0,0.0
2020-11-30,0.0,0.0,0.0,0.0,0.0,0.0,0.0,0.0,0.0,0.0,0.0,0.0,0.0,0.0,0.0,0.0,0.0,0.0,0.0,0.0,0.0,0.0,0.0,0.0,0.0,0.0,0.0,0.0,0.0,0.0,0.0,0.0
2020-12-31,0.0,0.0,0.0,0.0,0.0,0.0,0.0,0.0,0.0,0.0,0.0,0.0,0.0,0.0,0.0,0.0,0.0,0.0,0.0,0.0,0.0,0.0,0.0,0.0,0.0,0.0,0.0,0.0,0.0,0.0,0.0,0.0
