date,excess_log_return,rev1,rev2,mom,mom1m,log_Mkt-RF_lag2,gammaps,chatoia,grnoa,chinvest,pchcurrat,sue,log_Mkt-RF,baspread,log_Mkt-RF^2,size,aeavol,cash,cashpr,ep,gma,lev,acc,stdacc,cfp,ol,pchsale_pchrect,pchsale_pchxsga,roaq,O-score,sfe,first_lag_excess_return
1998-10-30,0.0,0.0,0.0,0.0,0.0,0.0,0.0,0.0,0.0,0.0,0.0,0.0,0.0,0.0,0.0,0.0,0.0,0.0,0.0,0.0,0.0,0.0,0.0,0.0,0.0,0.0,0.0,0.0,0.0,0.0,0.0,0.0
1998-11-30,0.0,0.0,0.0,0.0,0.0,0.0,0.0,0.0,0.0,0.0,0.0,0.0,0.0,0.0,0.0,0.0,0.0,0.0,0.0,0.0,0.0,0.0,0.0,0.0,0.0,0.0,0.0,0.0,0.0,0.0,0.0,0.0
1998-12-31,0.0,0.0,0.0,0.0,0.0,0.0,0.0,0.0,0.0,0.0,0.0,0.0,0.0,0.0,0.0,0.0,0.0,0.0,0.0,0.0,0.0,0.0,0.0,0.0,0.0,0.0,0.0,0.0,0.0,0.0,0.0,0.0
1999-01-29,0.0,0.0,0.0,0.0,0.0,0.0,0.0,0.0,0.0,0.0,0.0,0.0,0.0,0.0,0.0,0.0,0.0,0.0,0.0,0.0,0.0,0.0,0.0,0.0,0.0,0.0,0.0,0.0,0.0,0.0,0.0,0.0
1999-02-26,0.0,0.0,0.0,0.0,0.0,0.0,0.0,0.0,0.0,0.0,0.0,0.0,0.0,0.0,0.0,0.0,0.0,0.0,0.0,0.0,0.0,0.0,0.0,0.0,0.0,0.0,0.0,0.0,0.0,0.0,0.0,0.0
1999-03-31,0.0,0.0,0.0,0.0,0.0,0.0,0.0,0.0,0.0,0.0,0.0,0.0,0.0,0.0,0.0,0.0,0.0,0.0,0.0,0.0,0.0,0.0,0.0,0.0,0.0,0.0,0.0,0.0,0.0,0.0,0.0,0.0
1999-04-30,0.0,0.0,0.0,0.0,0.0,0.0,0.0,0.0,0.0,0.0,0.0,0.0,0.0,0.0,0.0,0.0,0.0,0.0,0.0,0.0,0.0,0.0,0.0,0.0,0.0,0.0,0.0,0.0,0.0,0.0,0.0,0.0
1999-05-31,0.0,0.0,0.0,0.0,0.0,0.0,0.0,0.0,0.0,0.0,0.0,0.0,0.0,0.0,0.0,0.0,0.0,0.0,0.0,0.0,0.0,0.0,0.0,0.0,0.0,0.0,0.0,0.0,0.0,0.0,0.0,0.0
1999-06-30,0.0,0.0,0.0,0.0,0.0,0.0,0.0,0.0,0.0,0.0,0.0,0.0,0.0,0.0,0.0,0.0,0.0,0.0,0.0,0.0,0.0,0.0,0.0,0.0,0.0,0.0,0.0,0.0,0.0,0.0,0.0,0.0
1999-07-30,0.0,0.0,0.0,0.0,0.0,0.0,0.0,0.0,0.0,0.0,0.0,0.0,0.0,0.0,0.0,0.0,0.0,0.0,0.0,0.0,0.0,0.0,0.0,0.0,0.0,0.0,0.0,0.0,0.0,0.0,0.0,0.0
1999-08-31,0.0,0.0,0.0,0.0,0.0,0.0,0.0,0.0,0.0,0.0,0.0,0.0,0.0,0.0,0.0,0.0,0.0,0.0,0.0,0.0,0.0,0.0,0.0,0.0,0.0,0.0,0.0,0.0,0.0,0.0,0.0,0.0
1999-09-30,0.0,0.0,0.0,0.0,0.0,0.0,0.0,0.0,0.0,0.0,0.0,0.0,0.0,0.0,0.0,0.0,0.0,0.0,0.0,0.0,0.0,0.0,0.0,0.0,0.0,0.0,0.0,0.0,0.0,0.0,0.0,0.0
1999-10-29,0.0,0.0,0.0,0.0,0.0,0.0,0.0,0.0,0.0,0.0,0.0,0.0,0.0,0.0,0.0,0.0,0.0,0.0,0.0,0.0,0.0,0.0,0.0,0.0,0.0,0.0,0.0,0.0,0.0,0.0,0.0,0.0
1999-11-30,0.0,0.0,0.0,0.0,0.0,0.0,0.0,0.0,0.0,0.0,0.0,0.0,0.0,0.0,0.0,0.0,0.0,0.0,0.0,0.0,0.0,0.0,0.0,0.0,0.0,0.0,0.0,0.0,0.0,0.0,0.0,0.0
1999-12-31,0.0,0.0,0.0,0.0,0.0,0.0,0.0,0.0,0.0,0.0,0.0,0.0,0.0,0.0,0.0,0.0,0.0,0.0,0.0,0.0,0.0,0.0,0.0,0.0,0.0,0.0,0.0,0.0,0.0,0.0,0.0,0.0
2000-01-31,0.0,0.0,0.0,0.0,0.0,0.0,0.0,0.0,0.0,0.0,0.0,0.0,0.0,0.0,0.0,0.0,0.0,0.0,0.0,0.0,0.0,0.0,0.0,0.0,0.0,0.0,0.0,0.0,0.0,0.0,0.0,0.0
2000-02-29,0.0,0.0,0.0,0.0,0.0,0.0,0.0,0.0,0.0,0.0,0.0,0.0,0.0,0.0,0.0,0.0,0.0,0.0,0.0,0.0,0.0,0.0,0.0,0.0,0.0,0.0,0.0,0.0,0.0,0.0,0.0,0.0
2000-03-31,0.0,0.0,0.0,0.0,0.0,0.0,0.0,0.0,0.0,0.0,0.0,0.0,0.0,0.0,0.0,0.0,0.0,0.0,0.0,0.0,0.0,0.0,0.0,0.0,0.0,0.0,0.0,0.0,0.0,0.0,0.0,0.0
2000-04-28,0.0,0.0,0.0,0.0,0.0,0.0,0.0,0.0,0.0,0.0,0.0,0.0,0.0,0.0,0.0,0.0,0.0,0.0,0.0,0.0,0.0,0.0,0.0,0.0,0.0,0.0,0.0,0.0,0.0,0.0,0.0,0.0
2000-05-31,0.0,0.0,0.0,0.0,0.0,0.0,0.0,0.0,0.0,0.0,0.0,0.0,0.0,0.0,0.0,0.0,0.0,0.0,0.0,0.0,0.0,0.0,0.0,0.0,0.0,0.0,0.0,0.0,0.0,0.0,0.0,0.0
2000-06-30,0.0,0.0,0.0,0.0,0.0,0.0,0.0,0.0,0.0,0.0,0.0,0.0,0.0,0.0,0.0,0.0,0.0,0.0,0.0,0.0,0.0,0.0,0.0,0.0,0.0,0.0,0.0,0.0,0.0,0.0,0.0,0.0
2000-07-31,0.0,0.0,0.0,0.0,0.0,0.0,0.0,0.0,0.0,0.0,0.0,0.0,0.0,0.0,0.0,0.0,0.0,0.0,0.0,0.0,0.0,0.0,0.0,0.0,0.0,0.0,0.0,0.0,0.0,0.0,0.0,0.0
2000-08-31,0.0,0.0,0.0,0.0,0.0,0.0,0.0,0.0,0.0,0.0,0.0,0.0,0.0,0.0,0.0,0.0,0.0,0.0,0.0,0.0,0.0,0.0,0.0,0.0,0.0,0.0,0.0,0.0,0.0,0.0,0.0,0.0
2000-09-29,0.0,0.0,0.0,0.0,0.0,0.0,0.0,0.0,0.0,0.0,0.0,0.0,0.0,0.0,0.0,0.0,0.0,0.0,0.0,0.0,0.0,0.0,0.0,0.0,0.0,0.0,0.0,0.0,0.0,0.0,0.0,0.0
2000-10-31,0.0,0.0,0.0,0.0,0.0,0.0,0.0,0.0,0.0,0.0,0.0,0.0,0.0,0.0,0.0,0.0,0.0,0.0,0.0,0.0,0.0,0.0,0.0,0.0,0.0,0.0,0.0,0.0,0.0,0.0,0.0,0.0
2000-11-30,0.0,0.0,0.0,0.0,0.0,0.0,0.0,0.0,0.0,0.0,0.0,0.0,0.0,0.0,0.0,0.0,0.0,0.0,0.0,0.0,0.0,0.0,0.0,0.0,0.0,0.0,0.0,0.0,0.0,0.0,0.0,0.0
2000-12-29,0.0,0.0,0.0,0.0,0.0,0.0,0.0,0.0,0.0,0.0,0.0,0.0,0.0,0.0,0.0,0.0,0.0,0.0,0.0,0.0,0.0,0.0,0.0,0.0,0.0,0.0,0.0,0.0,0.0,0.0,0.0,0.0
2001-01-31,0.0,0.0,0.0,0.0,0.0,0.0,0.0,0.0,0.0,0.0,0.0,0.0,0.0,0.0,0.0,0.0,0.0,0.0,0.0,0.0,0.0,0.0,0.0,0.0,0.0,0.0,0.0,0.0,0.0,0.0,0.0,0.0
2001-02-28,0.0,0.0,0.0,0.0,0.0,0.0,0.0,0.0,0.0,0.0,0.0,0.0,0.0,0.0,0.0,0.0,0.0,0.0,0.0,0.0,0.0,0.0,0.0,0.0,0.0,0.0,0.0,0.0,0.0,0.0,0.0,0.0
2001-03-30,0.0,0.0,0.0,0.0,0.0,0.0,0.0,0.0,0.0,0.0,0.0,0.0,0.0,0.0,0.0,0.0,0.0,0.0,0.0,0.0,0.0,0.0,0.0,0.0,0.0,0.0,0.0,0.0,0.0,0.0,0.0,0.0
2001-04-30,0.0,0.0,0.0,0.0,0.0,0.0,0.0,0.0,0.0,0.0,0.0,0.0,0.0,0.0,0.0,0.0,0.0,0.0,0.0,0.0,0.0,0.0,0.0,0.0,0.0,0.0,0.0,0.0,0.0,0.0,0.0,0.0
2001-05-31,0.0,0.0,0.0,0.0,0.0,0.0,0.0,0.0,0.0,0.0,0.0,0.0,0.0,0.0,0.0,0.0,0.0,0.0,0.0,0.0,0.0,0.0,0.0,0.0,0.0,0.0,0.0,0.0,0.0,0.0,0.0,0.0
2001-06-29,0.0,0.0,0.0,0.0,0.0,0.0,0.0,0.0,0.0,0.0,0.0,0.0,0.0,0.0,0.0,0.0,0.0,0.0,0.0,0.0,0.0,0.0,0.0,0.0,0.0,0.0,0.0,0.0,0.0,0.0,0.0,0.0
2001-07-31,0.0,0.0,0.0,0.0,0.0,0.0,0.0,0.0,0.0,0.0,0.0,0.0,0.0,0.0,0.0,0.0,0.0,0.0,0.0,0.0,0.0,0.0,0.0,0.0,0.0,0.0,0.0,0.0,0.0,0.0,0.0,0.0
2001-08-31,0.0,0.0,0.0,0.0,0.0,0.0,0.0,0.0,0.0,0.0,0.0,0.0,0.0,0.0,0.0,0.0,0.0,0.0,0.0,0.0,0.0,0.0,0.0,0.0,0.0,0.0,0.0,0.0,0.0,0.0,0.0,0.0
2001-09-28,0.0,0.0,0.0,0.0,0.0,0.0,0.0,0.0,0.0,0.0,0.0,0.0,0.0,0.0,0.0,0.0,0.0,0.0,0.0,0.0,0.0,0.0,0.0,0.0,0.0,0.0,0.0,0.0,0.0,0.0,0.0,0.0
2001-10-31,0.0,0.0,0.0,0.0,0.0,0.0,0.0,0.0,0.0,0.0,0.0,0.0,0.0,0.0,0.0,0.0,0.0,0.0,0.0,0.0,0.0,0.0,0.0,0.0,0.0,0.0,0.0,0.0,0.0,0.0,0.0,0.0
2001-11-30,0.0,0.0,0.0,0.0,0.0,0.0,0.0,0.0,0.0,0.0,0.0,0.0,0.0,0.0,0.0,0.0,0.0,0.0,0.0,0.0,0.0,0.0,0.0,0.0,0.0,0.0,0.0,0.0,0.0,0.0,0.0,0.0
2001-12-31,0.0,0.0,0.0,0.0,0.0,0.0,0.0,0.0,0.0,0.0,0.0,0.0,0.0,0.0,0.0,0.0,0.0,0.0,0.0,0.0,0.0,0.0,0.0,0.0,0.0,0.0,0.0,0.0,0.0,0.0,0.0,0.0
2002-01-31,0.0,0.0,0.0,0.0,0.0,0.0,0.0,0.0,0.0,0.0,0.0,0.0,0.0,0.0,0.0,0.0,0.0,0.0,0.0,0.0,0.0,0.0,0.0,0.0,0.0,0.0,0.0,0.0,0.0,0.0,0.0,0.0
2002-02-28,0.0,0.0,0.0,0.0,0.0,0.0,0.0,0.0,0.0,0.0,0.0,0.0,0.0,0.0,0.0,0.0,0.0,0.0,0.0,0.0,0.0,0.0,0.0,0.0,0.0,0.0,0.0,0.0,0.0,0.0,0.0,0.0
2002-03-29,0.0,0.0,0.0,0.0,0.0,0.0,0.0,0.0,0.0,0.0,0.0,0.0,0.0,0.0,0.0,0.0,0.0,0.0,0.0,0.0,0.0,0.0,0.0,0.0,0.0,0.0,0.0,0.0,0.0,0.0,0.0,0.0
2002-04-30,0.0,0.0,0.0,0.0,0.0,0.0,0.0,0.0,0.0,0.0,0.0,0.0,0.0,0.0,0.0,0.0,0.0,0.0,0.0,0.0,0.0,0.0,0.0,0.0,0.0,0.0,0.0,0.0,0.0,0.0,0.0,0.0
2002-05-31,0.0,0.0,0.0,0.0,0.0,0.0,0.0,0.0,0.0,0.0,0.0,0.0,0.0,0.0,0.0,0.0,0.0,0.0,0.0,0.0,0.0,0.0,0.0,0.0,0.0,0.0,0.0,0.0,0.0,0.0,0.0,0.0
2002-06-28,0.0,0.0,0.0,0.0,0.0,0.0,0.0,0.0,0.0,0.0,0.0,0.0,0.0,0.0,0.0,0.0,0.0,0.0,0.0,0.0,0.0,0.0,0.0,0.0,0.0,0.0,0.0,0.0,0.0,0.0,0.0,0.0
2002-07-31,0.0,0.0,0.0,0.0,0.0,0.0,0.0,0.0,0.0,0.0,0.0,0.0,0.0,0.0,0.0,0.0,0.0,0.0,0.0,0.0,0.0,0.0,0.0,0.0,0.0,0.0,0.0,0.0,0.0,0.0,0.0,0.0
2002-08-30,0.0,0.0,0.0,0.0,0.0,0.0,0.0,0.0,0.0,0.0,0.0,0.0,0.0,0.0,0.0,0.0,0.0,0.0,0.0,0.0,0.0,0.0,0.0,0.0,0.0,0.0,0.0,0.0,0.0,0.0,0.0,0.0
2002-09-30,0.0,0.0,0.0,0.0,0.0,0.0,0.0,0.0,0.0,0.0,0.0,0.0,0.0,0.0,0.0,0.0,0.0,0.0,0.0,0.0,0.0,0.0,0.0,0.0,0.0,0.0,0.0,0.0,0.0,0.0,0.0,0.0
2002-10-31,0.0,0.0,0.0,0.0,0.0,0.0,0.0,0.0,0.0,0.0,0.0,0.0,0.0,0.0,0.0,0.0,0.0,0.0,0.0,0.0,0.0,0.0,0.0,0.0,0.0,0.0,0.0,0.0,0.0,0.0,0.0,0.0
2002-11-29,0.0,0.0,0.0,0.0,0.0,0.0,0.0,0.0,0.0,0.0,0.0,0.0,0.0,0.0,0.0,0.0,0.0,0.0,0.0,0.0,0.0,0.0,0.0,0.0,0.0,0.0,0.0,0.0,0.0,0.0,0.0,0.0
2002-12-31,0.0,0.0,0.0,0.0,0.0,0.0,0.0,0.0,0.0,0.0,0.0,0.0,0.0,0.0,0.0,0.0,0.0,0.0,0.0,0.0,0.0,0.0,0.0,0.0,0.0,0.0,0.0,0.0,0.0,0.0,0.0,0.0
2003-01-31,0.0,0.0,0.0,0.0,0.0,0.0,0.0,0.0,0.0,0.0,0.0,0.0,0.0,0.0,0.0,0.0,0.0,0.0,0.0,0.0,0.0,0.0,0.0,0.0,0.0,0.0,0.0,0.0,0.0,0.0,0.0,0.0
2003-02-28,0.0,0.0,0.0,0.0,0.0,0.0,0.0,0.0,0.0,0.0,0.0,0.0,0.0,0.0,0.0,0.0,0.0,0.0,0.0,0.0,0.0,0.0,0.0,0.0,0.0,0.0,0.0,0.0,0.0,0.0,0.0,0.0
2003-03-31,0.0,0.0,0.0,0.0,0.0,0.0,0.0,0.0,0.0,0.0,0.0,0.0,0.0,0.0,0.0,0.0,0.0,0.0,0.0,0.0,0.0,0.0,0.0,0.0,0.0,0.0,0.0,0.0,0.0,0.0,0.0,0.0
2003-04-30,0.0,0.0,0.0,0.0,0.0,0.0,0.0,0.0,0.0,0.0,0.0,0.0,0.0,0.0,0.0,0.0,0.0,0.0,0.0,0.0,0.0,0.0,0.0,0.0,0.0,0.0,0.0,0.0,0.0,0.0,0.0,0.0
2003-05-30,0.0,0.0,0.0,0.0,0.0,0.0,0.0,0.0,0.0,0.0,0.0,0.0,0.0,0.0,0.0,0.0,0.0,0.0,0.0,0.0,0.0,0.0,0.0,0.0,0.0,0.0,0.0,0.0,0.0,0.0,0.0,0.0
2003-06-30,0.0,0.0,0.0,0.0,0.0,0.0,0.0,0.0,0.0,0.0,0.0,0.0,0.0,0.0,0.0,0.0,0.0,0.0,0.0,0.0,0.0,0.0,0.0,0.0,0.0,0.0,0.0,0.0,0.0,0.0,0.0,0.0
2003-07-31,0.0,0.0,0.0,0.0,0.0,0.0,0.0,0.0,0.0,0.0,0.0,0.0,0.0,0.0,0.0,0.0,0.0,0.0,0.0,0.0,0.0,0.0,0.0,0.0,0.0,0.0,0.0,0.0,0.0,0.0,0.0,0.0
2003-08-29,0.0,0.0,0.0,0.0,0.0,0.0,0.0,0.0,0.0,0.0,0.0,0.0,0.0,0.0,0.0,0.0,0.0,0.0,0.0,0.0,0.0,0.0,0.0,0.0,0.0,0.0,0.0,0.0,0.0,0.0,0.0,0.0
2003-09-30,0.0,0.0,0.0,0.0,0.0,0.0,0.0,0.0,0.0,0.0,0.0,0.0,0.0,0.0,0.0,0.0,0.0,0.0,0.0,0.0,0.0,0.0,0.0,0.0,0.0,0.0,0.0,0.0,0.0,0.0,0.0,0.0
2003-10-31,0.0,0.0,0.0,0.0,0.0,0.0,0.0,0.0,0.0,0.0,0.0,0.0,0.0,0.0,0.0,0.0,0.0,0.0,0.0,0.0,0.0,0.0,0.0,0.0,0.0,0.0,0.0,0.0,0.0,0.0,0.0,0.0
2003-11-28,0.0,0.0,0.0,0.0,0.0,0.0,0.0,0.0,0.0,0.0,0.0,0.0,0.0,0.0,0.0,0.0,0.0,0.0,0.0,0.0,0.0,0.0,0.0,0.0,0.0,0.0,0.0,0.0,0.0,0.0,0.0,0.0
2003-12-31,0.0,0.0,0.0,0.0,0.0,0.0,0.0,0.0,0.0,0.0,0.0,0.0,0.0,0.0,0.0,0.0,0.0,0.0,0.0,0.0,0.0,0.0,0.0,0.0,0.0,0.0,0.0,0.0,0.0,0.0,0.0,0.0
2004-01-30,0.0,0.0,0.0,0.0,0.0,0.0,0.0,0.0,0.0,0.0,0.0,0.0,0.0,0.0,0.0,0.0,0.0,0.0,0.0,0.0,0.0,0.0,0.0,0.0,0.0,0.0,0.0,0.0,0.0,0.0,0.0,0.0
2004-02-27,0.0,0.0,0.0,0.0,0.0,0.0,0.0,0.0,0.0,0.0,0.0,0.0,0.0,0.0,0.0,0.0,0.0,0.0,0.0,0.0,0.0,0.0,0.0,0.0,0.0,0.0,0.0,0.0,0.0,0.0,0.0,0.0
2004-03-31,0.0,0.0,0.0,0.0,0.0,0.0,0.0,0.0,0.0,0.0,0.0,0.0,0.0,0.0,0.0,0.0,0.0,0.0,0.0,0.0,0.0,0.0,0.0,0.0,0.0,0.0,0.0,0.0,0.0,0.0,0.0,0.0
2004-04-30,0.0,0.0,0.0,0.0,0.0,0.0,0.0,0.0,0.0,0.0,0.0,0.0,0.0,0.0,0.0,0.0,0.0,0.0,0.0,0.0,0.0,0.0,0.0,0.0,0.0,0.0,0.0,0.0,0.0,0.0,0.0,0.0
2004-05-31,0.0,0.0,0.0,0.0,0.0,0.0,0.0,0.0,0.0,0.0,0.0,0.0,0.0,0.0,0.0,0.0,0.0,0.0,0.0,0.0,0.0,0.0,0.0,0.0,0.0,0.0,0.0,0.0,0.0,0.0,0.0,0.0
2004-06-30,0.0,0.0,0.0,0.0,0.0,0.0,0.0,0.0,0.0,0.0,0.0,0.0,0.0,0.0,0.0,0.0,0.0,0.0,0.0,0.0,0.0,0.0,0.0,0.0,0.0,0.0,0.0,0.0,0.0,0.0,0.0,0.0
2004-07-30,0.0,0.0,0.0,0.0,0.0,0.0,0.0,0.0,0.0,0.0,0.0,0.0,0.0,0.0,0.0,0.0,0.0,0.0,0.0,0.0,0.0,0.0,0.0,0.0,0.0,0.0,0.0,0.0,0.0,0.0,0.0,0.0
2004-08-31,0.0,0.0,0.0,0.0,0.0,0.0,0.0,0.0,0.0,0.0,0.0,0.0,0.0,0.0,0.0,0.0,0.0,0.0,0.0,0.0,0.0,0.0,0.0,0.0,0.0,0.0,0.0,0.0,0.0,0.0,0.0,0.0
2004-09-30,0.0,0.0,0.0,0.0,0.0,0.0,0.0,0.0,0.0,0.0,0.0,0.0,0.0,0.0,0.0,0.0,0.0,0.0,0.0,0.0,0.0,0.0,0.0,0.0,0.0,0.0,0.0,0.0,0.0,0.0,0.0,0.0
2004-10-29,0.0,0.0,0.0,0.0,0.0,0.0,0.0,0.0,0.0,0.0,0.0,0.0,0.0,0.0,0.0,0.0,0.0,0.0,0.0,0.0,0.0,0.0,0.0,0.0,0.0,0.0,0.0,0.0,0.0,0.0,0.0,0.0
2004-11-30,0.0,0.0,0.0,0.0,0.0,0.0,0.0,0.0,0.0,0.0,0.0,0.0,0.0,0.0,0.0,0.0,0.0,0.0,0.0,0.0,0.0,0.0,0.0,0.0,0.0,0.0,0.0,0.0,0.0,0.0,0.0,0.0
2004-12-31,0.0,0.0,0.0,0.0,0.0,0.0,0.0,0.0,0.0,0.0,0.0,0.0,0.0,0.0,0.0,0.0,0.0,0.0,0.0,0.0,0.0,0.0,0.0,0.0,0.0,0.0,0.0,0.0,0.0,0.0,0.0,0.0
2005-01-31,0.0,0.0,0.0,0.0,0.0,0.0,0.0,0.0,0.0,0.0,0.0,0.0,0.0,0.0,0.0,0.0,0.0,0.0,0.0,0.0,0.0,0.0,0.0,0.0,0.0,0.0,0.0,0.0,0.0,0.0,0.0,0.0
2005-02-28,0.0,0.0,0.0,0.0,0.0,0.0,0.0,0.0,0.0,0.0,0.0,0.0,0.0,0.0,0.0,0.0,0.0,0.0,0.0,0.0,0.0,0.0,0.0,0.0,0.0,0.0,0.0,0.0,0.0,0.0,0.0,0.0
2005-03-31,0.0,0.0,0.0,0.0,0.0,0.0,0.0,0.0,0.0,0.0,0.0,0.0,0.0,0.0,0.0,0.0,0.0,0.0,0.0,0.0,0.0,0.0,0.0,0.0,0.0,0.0,0.0,0.0,0.0,0.0,0.0,0.0
2005-04-29,0.0,0.0,0.0,0.0,0.0,0.0,0.0,0.0,0.0,0.0,0.0,0.0,0.0,0.0,0.0,0.0,0.0,0.0,0.0,0.0,0.0,0.0,0.0,0.0,0.0,0.0,0.0,0.0,0.0,0.0,0.0,0.0
2005-05-31,0.0,0.0,0.0,0.0,0.0,0.0,0.0,0.0,0.0,0.0,0.0,0.0,0.0,0.0,0.0,0.0,0.0,0.0,0.0,0.0,0.0,0.0,0.0,0.0,0.0,0.0,0.0,0.0,0.0,0.0,0.0,0.0
2005-06-30,0.0,0.0,0.0,0.0,0.0,0.0,0.0,0.0,0.0,0.0,0.0,0.0,0.0,0.0,0.0,0.0,0.0,0.0,0.0,0.0,0.0,0.0,0.0,0.0,0.0,0.0,0.0,0.0,0.0,0.0,0.0,0.0
2005-07-29,0.0,0.0,0.0,0.0,0.0,0.0,0.0,0.0,0.0,0.0,0.0,0.0,0.0,0.0,0.0,0.0,0.0,0.0,0.0,0.0,0.0,0.0,0.0,0.0,0.0,0.0,0.0,0.0,0.0,0.0,0.0,0.0
2005-08-31,0.0,0.0,0.0,0.0,0.0,0.0,0.0,0.0,0.0,0.0,0.0,0.0,0.0,0.0,0.0,0.0,0.0,0.0,0.0,0.0,0.0,0.0,0.0,0.0,0.0,0.0,0.0,0.0,0.0,0.0,0.0,0.0
2005-09-30,0.0,0.0,0.0,0.0,0.0,0.0,0.0,0.0,0.0,0.0,0.0,0.0,0.0,0.0,0.0,0.0,0.0,0.0,0.0,0.0,0.0,0.0,0.0,0.0,0.0,0.0,0.0,0.0,0.0,0.0,0.0,0.0
2005-10-31,0.0,0.0,0.0,0.0,0.0,0.0,0.0,0.0,0.0,0.0,0.0,0.0,0.0,0.0,0.0,0.0,0.0,0.0,0.0,0.0,0.0,0.0,0.0,0.0,0.0,0.0,0.0,0.0,0.0,0.0,0.0,0.0
2005-11-30,0.0,0.0,0.0,0.0,0.0,0.0,0.0,0.0,0.0,0.0,0.0,0.0,0.0,0.0,0.0,0.0,0.0,0.0,0.0,0.0,0.0,0.0,0.0,0.0,0.0,0.0,0.0,0.0,0.0,0.0,0.0,0.0
2005-12-30,0.0,0.0,0.0,0.0,0.0,0.0,0.0,0.0,0.0,0.0,0.0,0.0,0.0,0.0,0.0,0.0,0.0,0.0,0.0,0.0,0.0,0.0,0.0,0.0,0.0,0.0,0.0,0.0,0.0,0.0,0.0,0.0
2006-01-31,0.0,0.0,0.0,0.0,0.0,0.0,0.0,0.0,0.0,0.0,0.0,0.0,0.0,0.0,0.0,0.0,0.0,0.0,0.0,0.0,0.0,0.0,0.0,0.0,0.0,0.0,0.0,0.0,0.0,0.0,0.0,0.0
2006-02-28,0.0,0.0,0.0,0.0,0.0,0.0,0.0,0.0,0.0,0.0,0.0,0.0,0.0,0.0,0.0,0.0,0.0,0.0,0.0,0.0,0.0,0.0,0.0,0.0,0.0,0.0,0.0,0.0,0.0,0.0,0.0,0.0
2006-03-31,0.0,0.0,0.0,0.0,0.0,0.0,0.0,0.0,0.0,0.0,0.0,0.0,0.0,0.0,0.0,0.0,0.0,0.0,0.0,0.0,0.0,0.0,0.0,0.0,0.0,0.0,0.0,0.0,0.0,0.0,0.0,0.0
2006-04-28,0.0,0.0,0.0,0.0,0.0,0.0,0.0,0.0,0.0,0.0,0.0,0.0,0.0,0.0,0.0,0.0,0.0,0.0,0.0,0.0,0.0,0.0,0.0,0.0,0.0,0.0,0.0,0.0,0.0,0.0,0.0,0.0
2006-05-31,0.0,0.0,0.0,0.0,0.0,0.0,0.0,0.0,0.0,0.0,0.0,0.0,0.0,0.0,0.0,0.0,0.0,0.0,0.0,0.0,0.0,0.0,0.0,0.0,0.0,0.0,0.0,0.0,0.0,0.0,0.0,0.0
2006-06-30,0.0,0.0,0.0,0.0,0.0,0.0,0.0,0.0,0.0,0.0,0.0,0.0,0.0,0.0,0.0,0.0,0.0,0.0,0.0,0.0,0.0,0.0,0.0,0.0,0.0,0.0,0.0,0.0,0.0,0.0,0.0,0.0
2006-07-31,0.0,0.0,0.0,0.0,0.0,0.0,0.0,0.0,0.0,0.0,0.0,0.0,0.0,0.0,0.0,0.0,0.0,0.0,0.0,0.0,0.0,0.0,0.0,0.0,0.0,0.0,0.0,0.0,0.0,0.0,0.0,0.0
2006-08-31,0.0,0.0,0.0,0.0,0.0,0.0,0.0,0.0,0.0,0.0,0.0,0.0,0.0,0.0,0.0,0.0,0.0,0.0,0.0,0.0,0.0,0.0,0.0,0.0,0.0,0.0,0.0,0.0,0.0,0.0,0.0,0.0
2006-09-29,0.0,0.0,0.0,0.0,0.0,0.0,0.0,0.0,0.0,0.0,0.0,0.0,0.0,0.0,0.0,0.0,0.0,0.0,0.0,0.0,0.0,0.0,0.0,0.0,0.0,0.0,0.0,0.0,0.0,0.0,0.0,0.0
2006-10-31,0.0,0.0,0.0,0.0,0.0,0.0,0.0,0.0,0.0,0.0,0.0,0.0,0.0,0.0,0.0,0.0,0.0,0.0,0.0,0.0,0.0,0.0,0.0,0.0,0.0,0.0,0.0,0.0,0.0,0.0,0.0,0.0
2006-11-30,0.0,0.0,0.0,0.0,0.0,0.0,0.0,0.0,0.0,0.0,0.0,0.0,0.0,0.0,0.0,0.0,0.0,0.0,0.0,0.0,0.0,0.0,0.0,0.0,0.0,0.0,0.0,0.0,0.0,0.0,0.0,0.0
2006-12-29,0.0,0.0,0.0,0.0,0.0,0.0,0.0,0.0,0.0,0.0,0.0,0.0,0.0,0.0,0.0,0.0,0.0,0.0,0.0,0.0,0.0,0.0,0.0,0.0,0.0,0.0,0.0,0.0,0.0,0.0,0.0,0.0
2007-01-31,0.0,0.0,0.0,0.0,0.0,0.0,0.0,0.0,0.0,0.0,0.0,0.0,0.0,0.0,0.0,0.0,0.0,0.0,0.0,0.0,0.0,0.0,0.0,0.0,0.0,0.0,0.0,0.0,0.0,0.0,0.0,0.0
2007-02-28,0.0,0.0,0.0,0.0,0.0,0.0,0.0,0.0,0.0,0.0,0.0,0.0,0.0,0.0,0.0,0.0,0.0,0.0,0.0,0.0,0.0,0.0,0.0,0.0,0.0,0.0,0.0,0.0,0.0,0.0,0.0,0.0
2007-03-30,0.0,0.0,0.0,0.0,0.0,0.0,0.0,0.0,0.0,0.0,0.0,0.0,0.0,0.0,0.0,0.0,0.0,0.0,0.0,0.0,0.0,0.0,0.0,0.0,0.0,0.0,0.0,0.0,0.0,0.0,0.0,0.0
2007-04-30,0.0,0.0,0.0,0.0,0.0,0.0,0.0,0.0,0.0,0.0,0.0,0.0,0.0,0.0,0.0,0.0,0.0,0.0,0.0,0.0,0.0,0.0,0.0,0.0,0.0,0.0,0.0,0.0,0.0,0.0,0.0,0.0
2007-05-31,0.0,0.0,0.0,0.0,0.0,0.0,0.0,0.0,0.0,0.0,0.0,0.0,0.0,0.0,0.0,0.0,0.0,0.0,0.0,0.0,0.0,0.0,0.0,0.0,0.0,0.0,0.0,0.0,0.0,0.0,0.0,0.0
2007-06-29,0.0,0.0,0.0,0.0,0.0,0.0,0.0,0.0,0.0,0.0,0.0,0.0,0.0,0.0,0.0,0.0,0.0,0.0,0.0,0.0,0.0,0.0,0.0,0.0,0.0,0.0,0.0,0.0,0.0,0.0,0.0,0.0
2007-07-31,0.0,0.0,0.0,0.0,0.0,0.0,0.0,0.0,0.0,0.0,0.0,0.0,0.0,0.0,0.0,0.0,0.0,0.0,0.0,0.0,0.0,0.0,0.0,0.0,0.0,0.0,0.0,0.0,0.0,0.0,0.0,0.0
2007-08-31,0.0,0.0,0.0,0.0,0.0,0.0,0.0,0.0,0.0,0.0,0.0,0.0,0.0,0.0,0.0,0.0,0.0,0.0,0.0,0.0,0.0,0.0,0.0,0.0,0.0,0.0,0.0,0.0,0.0,0.0,0.0,0.0
2007-09-28,0.0,0.0,0.0,0.0,0.0,0.0,0.0,0.0,0.0,0.0,0.0,0.0,0.0,0.0,0.0,0.0,0.0,0.0,0.0,0.0,0.0,0.0,0.0,0.0,0.0,0.0,0.0,0.0,0.0,0.0,0.0,0.0
2007-10-31,0.0,0.0,0.0,0.0,0.0,0.0,0.0,0.0,0.0,0.0,0.0,0.0,0.0,0.0,0.0,0.0,0.0,0.0,0.0,0.0,0.0,0.0,0.0,0.0,0.0,0.0,0.0,0.0,0.0,0.0,0.0,0.0
2007-11-30,0.0,0.0,0.0,0.0,0.0,0.0,0.0,0.0,0.0,0.0,0.0,0.0,0.0,0.0,0.0,0.0,0.0,0.0,0.0,0.0,0.0,0.0,0.0,0.0,0.0,0.0,0.0,0.0,0.0,0.0,0.0,0.0
2007-12-31,0.0,0.0,0.0,0.0,0.0,0.0,0.0,0.0,0.0,0.0,0.0,0.0,0.0,0.0,0.0,0.0,0.0,0.0,0.0,0.0,0.0,0.0,0.0,0.0,0.0,0.0,0.0,0.0,0.0,0.0,0.0,0.0
2008-01-31,0.0,0.0,0.0,0.0,0.0,0.0,0.0,0.0,0.0,0.0,0.0,0.0,0.0,0.0,0.0,0.0,0.0,0.0,0.0,0.0,0.0,0.0,0.0,0.0,0.0,0.0,0.0,0.0,0.0,0.0,0.0,0.0
2008-02-29,0.0,0.0,0.0,0.0,0.0,0.0,0.0,0.0,0.0,0.0,0.0,0.0,0.0,0.0,0.0,0.0,0.0,0.0,0.0,0.0,0.0,0.0,0.0,0.0,0.0,0.0,0.0,0.0,0.0,0.0,0.0,0.0
2008-03-31,0.0,0.0,0.0,0.0,0.0,0.0,0.0,0.0,0.0,0.0,0.0,0.0,0.0,0.0,0.0,0.0,0.0,0.0,0.0,0.0,0.0,0.0,0.0,0.0,0.0,0.0,0.0,0.0,0.0,0.0,0.0,0.0
2008-04-30,0.0,0.0,0.0,0.0,0.0,0.0,0.0,0.0,0.0,0.0,0.0,0.0,0.0,0.0,0.0,0.0,0.0,0.0,0.0,0.0,0.0,0.0,0.0,0.0,0.0,0.0,0.0,0.0,0.0,0.0,0.0,0.0
2008-05-30,0.0,0.0,0.0,0.0,0.0,0.0,0.0,0.0,0.0,0.0,0.0,0.0,0.0,0.0,0.0,0.0,0.0,0.0,0.0,0.0,0.0,0.0,0.0,0.0,0.0,0.0,0.0,0.0,0.0,0.0,0.0,0.0
2008-06-30,0.0,0.0,0.0,0.0,0.0,0.0,0.0,0.0,0.0,0.0,0.0,0.0,0.0,0.0,0.0,0.0,0.0,0.0,0.0,0.0,0.0,0.0,0.0,0.0,0.0,0.0,0.0,0.0,0.0,0.0,0.0,0.0
2008-07-31,0.0,0.0,0.0,0.0,0.0,0.0,0.0,0.0,0.0,0.0,0.0,0.0,0.0,0.0,0.0,0.0,0.0,0.0,0.0,0.0,0.0,0.0,0.0,0.0,0.0,0.0,0.0,0.0,0.0,0.0,0.0,0.0
2008-08-29,0.0,0.0,0.0,0.0,0.0,0.0,0.0,0.0,0.0,0.0,0.0,0.0,0.0,0.0,0.0,0.0,0.0,0.0,0.0,0.0,0.0,0.0,0.0,0.0,0.0,0.0,0.0,0.0,0.0,0.0,0.0,0.0
2008-09-30,0.0,0.0,0.0,0.0,0.0,0.0,0.0,0.0,0.0,0.0,0.0,0.0,0.0,0.0,0.0,0.0,0.0,0.0,0.0,0.0,0.0,0.0,0.0,0.0,0.0,0.0,0.0,0.0,0.0,0.0,0.0,0.0
2008-10-31,0.0,0.0,0.0,0.0,0.0,0.0,0.0,0.0,0.0,0.0,0.0,0.0,0.0,0.0,0.0,0.0,0.0,0.0,0.0,0.0,0.0,0.0,0.0,0.0,0.0,0.0,0.0,0.0,0.0,0.0,0.0,0.0
2008-11-28,0.0,0.0,0.0,0.0,0.0,0.0,0.0,0.0,0.0,0.0,0.0,0.0,0.0,0.0,0.0,0.0,0.0,0.0,0.0,0.0,0.0,0.0,0.0,0.0,0.0,0.0,0.0,0.0,0.0,0.0,0.0,0.0
2008-12-31,0.0,0.0,0.0,0.0,0.0,0.0,0.0,0.0,0.0,0.0,0.0,0.0,0.0,0.0,0.0,0.0,0.0,0.0,0.0,0.0,0.0,0.0,0.0,0.0,0.0,0.0,0.0,0.0,0.0,0.0,0.0,0.0
2009-01-30,0.0,0.0,0.0,0.0,0.0,0.0,0.0,0.0,0.0,0.0,0.0,0.0,0.0,0.0,0.0,0.0,0.0,0.0,0.0,0.0,0.0,0.0,0.0,0.0,0.0,0.0,0.0,0.0,0.0,0.0,0.0,0.0
2009-02-27,0.0,0.0,0.0,0.0,0.0,0.0,0.0,0.0,0.0,0.0,0.0,0.0,0.0,0.0,0.0,0.0,0.0,0.0,0.0,0.0,0.0,0.0,0.0,0.0,0.0,0.0,0.0,0.0,0.0,0.0,0.0,0.0
2009-03-31,0.0,0.0,0.0,0.0,0.0,0.0,0.0,0.0,0.0,0.0,0.0,0.0,0.0,0.0,0.0,0.0,0.0,0.0,0.0,0.0,0.0,0.0,0.0,0.0,0.0,0.0,0.0,0.0,0.0,0.0,0.0,0.0
2009-04-30,0.0,0.0,0.0,0.0,0.0,0.0,0.0,0.0,0.0,0.0,0.0,0.0,0.0,0.0,0.0,0.0,0.0,0.0,0.0,0.0,0.0,0.0,0.0,0.0,0.0,0.0,0.0,0.0,0.0,0.0,0.0,0.0
2009-05-29,0.0,0.0,0.0,0.0,0.0,0.0,0.0,0.0,0.0,0.0,0.0,0.0,0.0,0.0,0.0,0.0,0.0,0.0,0.0,0.0,0.0,0.0,0.0,0.0,0.0,0.0,0.0,0.0,0.0,0.0,0.0,0.0
2009-06-30,0.0,0.0,0.0,0.0,0.0,0.0,0.0,0.0,0.0,0.0,0.0,0.0,0.0,0.0,0.0,0.0,0.0,0.0,0.0,0.0,0.0,0.0,0.0,0.0,0.0,0.0,0.0,0.0,0.0,0.0,0.0,0.0
2009-07-31,0.0,0.0,0.0,0.0,0.0,0.0,0.0,0.0,0.0,0.0,0.0,0.0,0.0,0.0,0.0,0.0,0.0,0.0,0.0,0.0,0.0,0.0,0.0,0.0,0.0,0.0,0.0,0.0,0.0,0.0,0.0,0.0
2009-08-31,0.0,0.0,0.0,0.0,0.0,0.0,0.0,0.0,0.0,0.0,0.0,0.0,0.0,0.0,0.0,0.0,0.0,0.0,0.0,0.0,0.0,0.0,0.0,0.0,0.0,0.0,0.0,0.0,0.0,0.0,0.0,0.0
2009-09-30,0.0,0.0,0.0,0.0,0.0,0.0,0.0,0.0,0.0,0.0,0.0,0.0,0.0,0.0,0.0,0.0,0.0,0.0,0.0,0.0,0.0,0.0,0.0,0.0,0.0,0.0,0.0,0.0,0.0,0.0,0.0,0.0
2009-10-30,0.0,0.0,0.0,0.0,0.0,0.0,0.0,0.0,0.0,0.0,0.0,0.0,0.0,0.0,0.0,0.0,0.0,0.0,0.0,0.0,0.0,0.0,0.0,0.0,0.0,0.0,0.0,0.0,0.0,0.0,0.0,0.0
2009-11-30,46.80996634191094,837.4118206456718,782.3008521745652,-265.8676982023367,2435.6939303502177,329.3370334061039,-7.532934644260746,5.163407362897379,-268.88926243152736,149.76377318366335,175.0698502690981,6.538835868966279,-18.97959821273508,756.9815959598006,0.4980495432504973,10054.76113601991,22887.86244409887,1219.4283198570515,-40177.63618800169,56.8616348401117,518.3049095886563,21088.2015409789,-434.3668061447151,6.815157157218732,685.1119120958889,71221315.94687012,425.3273972435601,312.83297673631193,40.1101944693656,0.0,0.2866398576342055,0.0
2009-12-31,47.26125098416857,-500.652400515864,825.5518874214698,-316.0173722813217,1774.9946063551956,398.7664526775845,-8.2519551868703,46.4221924286978,-446.9204140235668,88.60910564255578,-96.10908839410844,2.5547208992710737,57.94724892062817,-143.57609093044528,1.6104637586026482,-82.04044019952562,-13017.064154975344,26.28785402268386,5070.742006823675,-115.22907476131913,8.154822955163581,-7294.586827166102,-82.61231674212746,-0.2110663734793636,214.6100610412992,297936.6550618708,-67.10456480581695,-312.83297673631193,-39.79999945407845,0.0,78.55921992622959,46.80996634191094
2010-01-29,-4.1599724290951725,717.9465322525756,-497.2100091735353,-296.6753642172257,1678.5864484301878,-264.2351952210969,-7.245307046992957,123.19146230857103,-310.89374328620784,78.00268561080618,-115.95028224302864,2.848992300743095,-18.92478909217708,-2.80765895772538,-1.564830913182622,333.91560130808466,235.30112943939457,-3.272100570656221,-0.1014220422584912,38.4779418187378,19.38957140256321,456.4243993708733,34.690207621065895,-0.0061507370048907,63.69235580513441,1413811.9303307384,13.639467321231791,0.0,37.62458229907683,-32252.611399026657,2.3606889921256737,47.26125098416857
2010-02-26,33.414211638388885,661.0986515408755,718.271752375099,-262.3491159156318,793.3850249916215,562.1946090208321,-8.346914026786996,203.98480339503743,-84.7985592189316,83.29890302605361,194.424938886941,0.9766851759000896,-45.40748453741581,-89.11812200730276,0.3232157887012367,83.33996478544577,1229.276439783038,70.21722246895638,221.89333644985163,9.651424857335606,36.36661943937804,-841.0509034644456,-22.18547245275204,0.3014520462671042,-78.66400324692847,-3932686.244180411,728.7734643266402,0.0,18.96715975545752,3141.467375842873,2.9513077152099925,-4.1599724290951725
2010-03-31,88.05028986196534,-44.50023391430292,662.0856673089816,-3789.3461862429713,1789.138247606216,281.65036778092974,-9.816967661898548,251.0602194570824,-40.24344407154804,14.683081535939545,381.4053544686389,-0.6399089854643321,50.17146856099183,43.47206549815132,-0.0374868480162008,-6.930088112992962,1478.2919405146786,125.07161134525064,15602.476256398731,198.8465995796797,32.43970090433561,-262.29195204341704,-10.976931417456456,0.2926473072404887,241.26947928243897,1186022.01276806,167.2674092830655,465.2610223968726,22.266071773687976,-169.79514797874435,5.929864220265117,33.414211638388885
2010-04-30,66.09992099517488,476.3696782614353,-50.01333328438281,-4118.971394690424,2292.284105056485,-357.11027776041425,-9.643090099800354,229.4055024875928,-78.51801954096872,2.1364485054106925,240.8753924146836,-0.0084865739232191,20.73370065554428,-21.36858848095073,1.9569063168317,65.66369004672197,-1110.7909892824357,-43.2060614070117,3864.568123731682,-9.704678796117207,16.437666975898424,-235.84000963274048,9.71208927639242,0.1967649208766841,-91.22948132762826,460727.406707108,98.1155156346092,-347.20492923925923,-5.523264846702276,408.7492627930551,3.336975649585,88.05028986196534
2010-05-31,-88.21737917660289,1244.3036581330175,483.50841345202207,-3665.9291378561193,2584.626162714119,355.65587768836554,-10.594414618171504,101.1670423710014,191.72598741992965,353.7790481024129,-228.06983685301185,0.5226991376741288,-30.66320924705937,115.30864735618628,-2.491736528213136,188.5941447400619,-2182.3806350316045,-45.64511317177767,1381.4917882916488,54.04750593613002,28.072868806790552,-692.8560539592945,368.4488371543577,0.120075945640556,-661.8799064313001,859324.8839197308,-1565.0507254426043,-39.191825259010855,24.05644853027509,-1970.6638217187285,4.750776194969888,66.09992099517488
2010-06-30,-81.44980646877316,932.2481818473424,1265.3749254593745,-3578.0834297944634,1445.1781340375633,658.9919990599631,-11.681361158106052,21.795574826050785,133.03626764020197,352.4203561293773,-116.32483245433068,0.6317546904843505,-77.03057516689321,11.047113464363406,4.8130545854011055,133.4908008923685,779.7082927936208,30.16864450672233,16285.544899476692,-206.63054597612168,-8.36476065181273,-582.0211831896377,-48.67986915431024,0.1191860904333488,-89.32133683510204,151531.6216607988,-602.7107123133042,51.556042084798136,-78.28215164854394,-2293.736721543035,39.44665610804242,-88.21737917660289
2010-07-30,85.6890032614217,-1213.206438556144,924.2728298896706,-3965.811665353155,-153.99403244088276,210.3338333385084,-10.202582860768088,119.93396825510771,-2.567270511201123,334.4969559282898,-133.66691446011387,0.8659454376476251,19.11756802344869,-24.55491369664435,-2.6414562395000845,-148.22893476474565,984.0092695396106,16.034872901618428,6790.76273250562,-1.0587471666471338,13.69866956589192,-324.52867220737244,-54.80601204384672,-0.2239701980191792,35.17390643500892,-885858.4465636313,113.11799036649312,60.370092830738855,8.194068887874263,-861.4885280035451,4.717107380237195,-81.44980646877316
2010-08-31,-79.82316459487221,-1089.718786351934,-1192.3044359605751,-3421.662976066757,-176.60177548401538,-859.7443027028206,-11.97323311320951,266.3806709472784,-200.16192298418335,21.38664265770511,-170.12599682338885,1.3456786542737331,92.954145200917,-101.837109002337,0.8782457287595102,-160.6035362247021,-3589.4653243467783,-54.68112324884578,-16921.13111024992,15.000840945560416,21.71008811390209,625.4719661360796,-139.35374007804134,-0.3119213373576253,190.41366021372244,-522760.8603096306,983.3653434699474,282.4809554540816,-25.73040945640882,-179.47656912358798,-3.811814202315304,85.6890032614217
2010-09-30,104.55936018784564,1226.7227616284654,-1111.9614239965283,-2157.6410229822554,-2235.6722402403025,-609.2481551949971,-10.901989266541698,305.45131608312124,-891.3996106347975,16.666160180398258,-86.97002273775264,0.9471366629373504,-86.62859408608449,3.938994769087572,-1.550395644019965,169.62510168968038,-1351.395328026064,33.60355865089241,-13782.7635240739,127.02978772548708,21.371134170444293,295.75448033980865,45.36497643795258,0.1866219191668037,126.4783122633417,868445.4709326178,-294.7405850838217,323.23685754482733,121.0663289137277,-576.3827835132179,-6.576358757058557,-79.82316459487221
2010-10-29,49.82803419425736,-1110.2933191441414,1207.8915473980337,-1140.4022712854146,444.7793836924908,702.5665498877083,-7.26999066667419,190.94238626049184,-847.9462149057783,-24.648636813338072,175.923287683249,0.9612990991211346,104.67102187326722,68.57744085048432,4.397948123137354,-145.16636322325212,-448.5535434162021,2.055654502820971,2489.308897791037,-0.7879063935706654,-25.092722941679423,-200.9088993531768,9.222118312458464,-0.2345527593188574,-20.40083209175168,-972691.7028410882,0.0,-145.3998888286693,-11.716675304269842,1568.3481569275973,-4.560799324987244,104.55936018784564
2010-11-30,28.64032704600129,1482.921207796891,-1137.0372537264393,-2530.40530862108,2289.8559266101875,-523.170137455921,-1.1195978598720628,35.37918355982266,2098.2280394159598,201.3966653778265,341.2508584780563,1.3798088593618136,-39.26622602088679,85.20685580336283,-5.099787649713949,218.88642929699927,2111.474493766442,14.901949591273024,5866.697140321216,2.0517727030385515,-10.401108474887453,-1072.677037885329,-11.901166110769168,0.0830207750310423,62.24974628386883,285543.38037224114,0.0,-445.2913968695848,43.33336536507288,-1554.7287480430314,-0.2497492719363663,49.82803419425736
2010-12-31,67.42832838738286,721.3943662580742,1496.606650413713,-3730.047449838688,1458.162285446388,984.2466262257212,-2.424484314646588,-51.81940066700404,3408.540595870724,12.097897689756032,310.58652426899334,0.4434749246863174,-24.164292846026477,-76.54525627389125,-1.0650916644699693,97.42676268318792,1771.253034048641,-21.44242773253518,20989.47420543841,-3.3759300893810007,-6.968489957428574,-101.6330318709297,-19.765011271574224,-0.0057479196553513,33.48398741277015,701185.714352563,-3.1666959672895025,-173.29775137107436,-9.560309403279716,-42.67753561012796,0.0376909439551127,28.64032704600129
2011-01-31,17.825985259986588,395.9273965711679,726.9384110796414,-1590.7497198248766,3609.933276098616,413.47784906276297,-2.1132814005966907,10.521827022878073,3300.1356590655173,2.4510337613996698,91.78527084722116,0.4033139875375749,45.58505480075523,110.9026621759482,3.278946978668542,60.40587425630656,797.0416471354147,13.77139732716887,31434.310444341976,-5.30082357051478,8.601651637107693,8.340677186964967,-8.04641313121897,0.0534600670758349,23.155565037308065,163569.90869663656,245.9286253597304,182.26951051939508,0.7315307082508014,-256.1637267372644,-2.585255319599895,67.42832838738286
2011-02-28,0.7233929142974246,1003.8855835941088,402.5326418119897,-2775.9545506901923,2427.490673389328,65.87209233288307,-0.9545480627783564,54.343482596197,3135.1738666379,4.925178723136393,416.6813257957418,-0.2822289268566781,-35.044167757766644,-53.64324589090211,-3.009101699494217,149.55219737274092,1952.9202184907608,12.526462490280435,2446.7111188753843,-20.370052086456013,6.811903134435283,-1002.5258462040274,-7.952246086804223,0.0305040893496579,-122.84077675142372,1945219.995963201,186.02527475193327,-132.7575437005175,-4.524788024975948,-754.8931571379799,5.372794583715461,17.825985259986588
2011-03-31,24.686815807075185,292.9599802047013,1008.0964810690332,-622.973964327169,1712.414166318921,728.8827373189206,-1.9317288897748957,155.6538973892766,99.90846609083756,16.65086857974443,370.7893974608962,-0.2238598816450697,11.206571359088532,-33.35749527804103,0.6044238495773271,36.242116943058136,393.33321949536366,35.520029317874105,-7630.371608586807,-14.52115487923372,11.358742619378631,-725.462886733194,-47.89261213842451,-1.9047040627155705,44.75919900075462,583738.0478566736,-428.7872041443741,-5.130802303182023,4.298999137972373,35794.053342872394,6.9641481772980285,0.7233929142974246
2011-04-29,-4.521499377506598,20.778409791151137,292.56831122595315,557.7423139472028,1690.3096088090886,217.8485297157644,-1.9555456410572305,126.93566983227328,393.4336576084778,21.794913600005337,360.1529653622434,-1.013966718186085,-22.76111583131153,-190.5407925025729,-0.8852292649438271,7.8919464497175795,373.3494570430303,-6.92694568785987,9180.80393323017,-67.01878583678517,-11.960115926934805,-278.46041905525453,-5.176297248666117,1.5590476725900038,-66.56633956012661,112393.25992301106,0.0,-261.57349989817385,-33.24797654572417,0.0,7.271111733440193,24.686815807075185
2011-05-31,-39.6964852110889,380.3064376035023,24.199185230305574,1040.8661858210994,668.4867650132097,381.1027435796464,-2.7364530815907124,81.47054649882469,1169.2202985771928,165.69140284998915,-96.0533970614199,-1.0994611066345967,18.44284431143029,-31.08776191250132,0.6116300644348172,53.5786156396498,-3071.3903383873458,-71.21972467320279,6593.929005183883,79.77808425865717,10.139006827425874,-373.89087023099455,469.745502379852,-0.0636572033601536,-452.446418879523,1643253.1511481851,0.0,491.1093594295545,50.478995700947294,0.0,1.391507876000901,-4.521499377506598
2011-06-30,-3.042498323804294,-21.795134120244292,380.3915186439809,1259.4307173601917,-159.71626750177717,50.955816995265614,3.185331491364473,101.58237516152882,1083.9561036268592,-44.61564526933003,-326.99599043999586,0.3711513234257319,-31.77221695939787,40.85573718291823,-0.5023495756214316,-6.475243934251921,-1536.7168499184409,-24.10598574387268,37871.93927553318,18.39299509815189,19.046701761942018,46.31163296333944,40.52459437831333,-0.1198973957507893,-66.67012456699973,36500.40543779731,0.0,412.30212104267184,17.10506464891617,-36553.44177643002,24.08364072571365,-39.6964852110889
2011-07-29,-52.88707781177391,-525.0570993467785,-21.29947278070677,1239.523162509979,-197.27187509492992,315.1881657614704,-0.9309670356053354,252.69647237252192,711.4836298754577,-34.72354575639166,-341.0571542109909,0.2357501683274299,-3.6897628501602657,-13.56762311823826,0.1129654445394195,-78.52911151320404,1198.0670545430075,-9.225290372532072,1289.0507739769237,7.125795926773549,12.480950558192037,-19.84967061815587,-21.175391531790765,-0.1551608211662394,27.54516387434356,-153189.1779152304,-1677.002358989817,183.34133364250116,7.594335209050456,-495.4889888295729,9.403817787028402,-3.042498323804294
2011-08-31,-101.9667929227495,-20.889207232537885,-524.8581841480042,3464.968952942129,-1348.3820568137703,-140.85129715519392,-2.80164626103378,352.730747953498,459.8110485830808,2.5887225263058773,-188.99474189977377,0.1901015291619185,-4.678508789325532,83.03111259752859,0.1939676795893742,-5.323015307494643,889.5533691243636,-40.953395147980245,-7949.307141021389,28.550618993900517,12.65604126095775,347.2909460562187,-99.43838120417796,-0.0248160871598335,116.33946033590732,1205773.9072220027,1055.1760342537182,44.98122892889387,11.610347150014547,-503.1886052623304,-2.589341765598533,-52.88707781177391
2011-09-30,-116.5986505579175,-757.1785035022347,-22.533243909097926,3427.3263963505065,-2724.6325541464103,-192.66253634920983,-2.134000011687881,341.7443786972449,619.8928691775034,84.4962210409865,-36.554160696150845,1.1310354653505306,-28.81008673313334,-1.3546402619277842,2.4699376134240256,-107.40457787924788,3251.3926790117403,18.424628208089644,-66668.70874911864,-17.547412502457888,-19.419429137763814,652.2130947798632,-56.290963280976726,-0.0219442392004145,51.91427100184859,-816472.812601611,260.79788695698835,-166.62157189689765,-19.59345722043,-7795.077940323703,36.22167684224635,-101.9667929227495
2011-10-31,142.11879712567216,-1370.7118819201892,-739.4750841251046,3276.781512350152,-3721.430310040637,-254.6834273278265,-1.7738186047470197,210.8412956445192,647.788935941681,85.13468599255253,261.3173270311711,0.6779016708896052,-12.482140838837507,-67.5577821951648,1.792222565168094,-202.92683650218717,-1707.9344336935735,18.241480320862596,-2534.098596112592,65.7246182984816,-35.21026947949554,-1.7331146944543434,-1.101599712455794,0.1189416565738028,47.51810411880837,-811520.056764707,-0.4293171933130679,-111.63700407987368,12.5610926199748,705.5586636969165,11.335823230248309,-116.5986505579175
2011-11-30,-23.36429670954768,-1541.707757976243,-1336.7739655788546,4030.858730043039,-1647.0317443874078,-647.2515239672604,0.1697485948548757,58.83311938064005,389.27105325197977,-124.58479438552315,243.8163952405393,-0.3719361160419141,139.55740588907435,129.66538886070816,3.9152033131877664,-230.08878677281243,-3011.424337342987,21.08515858341684,-18771.00335836904,41.628933658674015,-21.224766391215667,2011.6085588399276,-109.8161767608266,-0.2441570782403559,184.42424237416168,-2313961.002037972,-237.2644205400942,-81.02217486045754,-1.569131179885204,768.7680426235311,-8.800388574916752,142.11879712567216
2011-12-30,-5.1550644737332405,2028.1951233709528,-1594.9197146305564,7700.985841164482,-1274.1434850694095,-849.4963930276757,-3.306513113938859,21.103792709252676,263.06931216810386,-95.17274698606552,234.8008434745296,-0.8127256126660601,-82.20146798964717,-112.85917984815508,-8.603778830501835,282.31786393138464,-2268.325117186117,39.70809712449704,-22923.628978939567,33.371135994748784,20.24673783256344,1977.9944027158435,-22.767285876135475,0.1976220261637333,67.44990713179493,1195149.118687898,786.0503618599415,-101.91929365053414,4.9835806247276935,7372.937683259581,13.070943125787608,-23.36429670954768
2012-01-31,69.35338813133023,-298.4438151198251,2020.6916463807968,8519.349154295596,78.74479072934821,1151.4809121209971,-5.118701949052603,72.91806051780992,189.93198674700577,-64.75103326169175,-194.9380282959828,-0.7984987105725496,7.670453746854957,-58.85271634611934,0.0350062257174314,-51.3427321022009,-240.6405559243985,-22.32538010297685,12884.275101456053,-66.0132943877428,4.095705163435582,253.36571268319855,-53.90237293252463,0.068378683347543,48.87371074435805,152401.6479857266,62.31509202602737,-5.9447665864700525,-25.70448831299794,455.6227823188456,-10.16625124150042,-5.1550644737332405
2012-02-29,38.84429166621378,-43.9410193805589,-297.1680864212629,7023.965412598445,2639.8052016778743,-30.006119499633275,-5.783767026670583,72.69838148936935,-47.57590791665734,-7.925404528321147,-9.741449572461711,-0.5395168490690444,31.53288621854036,8.379359063208597,1.7861516364328716,-9.171400646659094,1661.7637304430018,-44.78813389562288,4684.004560353058,60.791836346870014,-18.977869395676976,-771.8043483760175,-29.321025335118065,-0.0804226158061354,-29.00321305205773,6317918.579139546,95.09544899659986,-491.35308750006766,10.163215036388891,534.3160694668113,-16.615215168222107,69.35338813133023
2012-03-30,-2.0131185723855176,994.3648504326994,-51.80482212384064,6830.121314251569,1184.323032984774,79.91311231203622,-5.512962457354641,67.60585321972633,55.414103647629865,77.21321987351291,189.5873196335677,-0.5798250177777099,-4.312254370183531,31.86390730615489,-0.4095899740394151,137.5155103726247,4563.493081182456,37.95548884844061,-3321.212543317428,-2.206898609854079,-10.03138644197827,-100.67656016283216,-50.47069873249672,-0.0905043044925459,116.75445725653071,987334.3617446572,-406.0536771270453,-571.6658467189459,15.212933047424627,1307.5156927337666,-2.088317755462043,38.84429166621378
2012-04-30,-32.430546334362646,561.4858149146257,1002.3261863002166,11341.283455778985,1481.7371475360048,537.6729650660745,-7.136480814802731,66.68833909670255,-3.191182587308475,63.85281638241359,479.7098472141828,-0.929159040646848,-9.483358576987758,-55.94080245974078,-0.7042044210798828,74.64186265871467,1282.0906937628952,-12.191600464046816,-5316.429596630573,-70.65004238704108,-0.031197194572428,590.3699716203646,-45.23265894582602,-0.2772921394223422,15.995790015846524,275886.1701154113,337.46388738864454,-215.3117751467556,-4.377073949495582,703.8001036518544,10.410922555167616,-2.0131185723855176
2012-05-31,-85.25687285706451,-19.229680909822264,561.3155706864629,10054.736872311416,1097.643034211054,471.91411998985865,-7.236392249006706,43.31169094577755,690.4109310106257,61.72544210714143,352.16436058846705,-0.332146364534778,-29.781571355771405,94.40164914706406,-0.6578901966224553,-2.572291980004593,-256.3095947344318,-41.10741250839601,17386.78564545077,-95.73690692889568,-34.750687663411895,-893.2977089992946,414.80595861032987,-0.0413496097446417,-515.1803176160873,-84524.01533775032,-852.3754408828763,779.5161800514821,-12.100785194827097,-1943.435528665796,-6.490231212559451,-32.430546334362646
2012-06-29,15.249631217444955,-433.1795232578253,-17.90614183327603,6731.739279021151,-1069.6543237668243,332.3682423971288,-7.72671004480206,6.0126250218671125,545.408276671787,-87.33646537383824,-122.6388458919082,-0.2339106448220505,-41.95677859748034,-82.67757499670381,3.040025455256528,-58.62864087045091,-2755.282885808217,-12.927623133910402,22305.13629448618,21.788429262118115,1.7309777458582405,-1092.0246138026523,63.20652868025019,-0.1295133406069357,-155.6234518961693,-1780092.1393241135,-364.4096326639317,319.4520094164012,-2.778020049725882,2068.06027057612,25.71855196922689,-85.25687285706451
2012-07-31,-16.84851292284408,-1143.7566329485894,-421.833383268252,7054.859698072268,-1389.4870531241888,-91.21526763310972,-8.045730263297738,147.46747327730577,559.322341741494,-67.33429057745822,-212.6526264051167,-0.2576737782757151,77.14993717684669,41.29523798782088,-2.000092184199744,-166.88218293070167,-309.7803397103762,-38.48077880142728,-243.8426222771377,14.804200387517398,11.847733362522264,206.9266206607026,-4.7568887731891465,-0.1698352563325524,41.970650280253786,-744216.9269134402,151.28155651725626,155.37473644153715,14.105526910775753,-1592.6582040496214,-6.529466739770584,15.249631217444955
2012-08-31,20.30163044157307,202.98507876803237,-1149.2229083038746,7497.495422760026,-1606.166313556078,-684.8307598758063,-8.987595504119563,211.412148126426,427.2784503335668,-81.69344313240514,104.0510509115769,-0.2813672890851942,-22.773627028576417,-52.50033679021118,-1.048692075876628,33.010443930641486,-153.81459748161797,52.49798720021727,-16827.176409320648,25.113645661151992,72.95945031016811,1312.1554285098227,-139.88500209578075,-0.1554990227925685,209.60450583859125,366896.7608166039,767.9516476053427,318.0671843287084,-0.3558655535744606,275.85088807290595,-11.964480628209005,-16.84851292284408
2012-09-28,-1.323796989153927,-223.4595888231722,200.9924632995869,6067.369271687024,-883.3896806674668,407.6932179320474,-8.050768641794686,113.36395087975988,510.7909056868777,-76.64686423798847,364.45215808116615,-1.2346990230151804,13.008269366668944,61.39450836130828,0.4301348592774156,-35.450339539631386,-708.8692262939276,13.669903090286423,5381.484363370211,16.388696296825145,-3.992998482760527,891.2623973223999,-57.36288582327562,-0.2357302550221014,122.83434429394072,-150910.79965044558,583.3910050258897,-266.36079665236207,-3.1710027905417637,-2406.764519040611,-29.560831212737583,20.30163044157307
2012-10-31,6.659304121409859,294.0359293823331,-222.4448473975303,4829.416142606148,281.860912273474,84.37629824864102,-8.74602947064385,-6.488526818630454,487.6780806772328,-93.8589215997052,605.4394178725496,-0.4133063341342485,1.3583911785075171,-37.722313297150606,0.0697894865957581,39.581361309828935,-1012.4744597176395,14.03094593034666,11102.86158602043,21.03914190341675,-8.868926674867339,167.35195894050594,5.425478334648389,0.1053241275257548,7.900310998802183,13081.262255221603,-181.3307982999283,-346.3592519863054,-7.070227695309399,-137.56623348989524,8.636378771153176,-1.323796989153927
2012-11-30,25.232580298511568,18.06652291691478,292.70845904892934,2817.7332692871605,196.3107105143104,269.87220667809777,-7.584045000631811,-124.17759199831823,684.6863901698306,-10.319574739261878,459.8418670787103,0.1840254000111728,-33.66925932281547,141.9361152362428,-0.3091186916145847,-4.022783019687267,-4.590843859738016,-15.288454633695435,-376.875099254481,21.67461265632079,-34.35671042110562,-76.09733670960486,-129.29106222477583,-0.2766263927040535,195.28781414697949,2590446.265104413,-442.00354772353177,-452.6291733218206,22.273672081747463,930.9837935570976,-6.709283877372002,6.659304121409859
2012-12-31,42.42495872335241,117.97769251340507,17.85702104200921,3630.8955682355754,767.0305098429717,289.1399990723753,-6.876061727083751,-179.3428932726687,681.1213881947641,79.84899900295974,175.88624589531304,0.5236347509026688,19.230644765674864,-82.81842808681881,-0.1919575099676716,17.536849068743322,1355.2756167230564,17.954186821984422,-7039.570114491024,-25.408041214883752,-27.344425247542063,414.0195242462123,-68.4005836689768,0.0159886544154437,155.24527003562548,420774.9071740955,-619.9591740923352,-154.27495988241031,-10.076137757069574,338.7303904411747,-26.83758771498645,25.232580298511568
2013-01-31,40.94706992501227,349.0093492395646,117.37156727571166,2695.911476982704,1085.5321365796462,-191.44221567826213,-7.057729860741407,-113.07566048392152,254.5095408876517,101.76654671795563,-63.1250608220188,-1.165730925151508,3.006363091340937,37.04393712549836,0.0584603814797658,46.28799385098864,393.84050626449607,18.41533729400317,-5048.564239658557,-390.99545851857386,13.152872723117184,334.4371076717325,-112.41273887869386,-0.0088239404332002,75.13684985524526,335488.40136259794,179.43259224823504,224.75105245359435,-67.69680249766238,-439.26659907488647,-5.197522027661137,42.42495872335241
2013-02-28,-2.091252975855093,610.4061926866342,351.1255027466109,2335.8916449720746,1640.5536545982773,84.40257912356391,-7.577604675986613,-62.70664582567936,-385.5089553757372,13.93787996221024,42.98885359245149,-1.6716890592095126,32.25300045593688,-73.94613438875513,2.124688402074059,81.60023775130503,-652.3834416083373,-42.6112103514879,5535.8331580209615,-63.68488761244993,-9.262032840945835,-655.5228343972067,-72.24982982864691,-0.1305708045915423,-123.83112801854736,7741420.572745949,307.14323478589245,-29.21002935799285,-42.034408980689705,-216.68947099416985,3.424288685392497,40.94706992501227
2013-03-29,37.82134846697464,576.9832436152966,613.276267314408,2401.166780945121,1546.3833449191773,128.38619563839686,-8.906452733252209,-26.637839778180076,-295.7740571911056,107.31883819381548,185.10963128960776,-0.4651663266708292,-31.355041508725662,-9.734010557803742,-2.103538185158752,81.26715870773114,905.9398307511492,23.181365045208626,14412.62464603687,19.086164997483,8.541389719222138,-358.8193026911631,-16.26605644771996,0.051424185819112,74.86748443358385,460176.6659872532,875.7324141224119,-267.0376667872547,23.075915253834538,951.7087923445142,13.094583785933423,-2.091252975855093
2013-04-30,-1.0992490561322286,7.61419879814057,575.3305628773352,2035.126901762681,1749.6296040453278,592.9283795900569,-7.827883745496026,-37.07835710443865,278.7825007800395,88.42245506688678,266.94205449124746,0.1054256373391481,20.310551268750267,4.352810846549289,1.0629852072879469,-6.526552522394923,1950.957565256971,-20.48804236791989,3985.377723372476,368.9447241862913,-4.571029380748087,-882.0838933023933,38.59132596371683,-0.1064913730905026,7.554694919772487,184780.51553040743,-51.64369246955232,-79.50179834261507,41.09187964139659,328.83227773393446,-5.0347195910163975,37.82134846697464
2013-05-31,44.81645237376932,565.6404619741453,7.265112031691045,1082.2119428173344,1144.0291960779125,141.19357097642296,-7.675076763066537,-25.835635850539894,788.9319053464745,-89.46621695148028,52.94217771719029,0.030137903958971,-18.3233336119848,-16.112680821715173,-1.007396716444931,76.86422800269065,-324.75202850023743,13.962610926913612,6775.394074274143,-14.930699965064036,22.427523796217656,-358.1801241573485,439.1945915467705,-0.3148534092068935,-463.9577627308348,390227.1429940164,-896.3981870877358,550.7561429975821,8.421664909197347,-197.78861245255396,-0.6923724817043819,-1.0992490561322286
2013-06-28,4.087043632190661,0.1506450260293146,565.7465235060445,723.3025714034817,1225.3268828837192,435.1342011296733,-7.749840660051037,-99.18531826097843,1014.5305846573366,-114.32193501397064,1.713608827219434,-0.7037239134762516,9.341238823287744,105.7904436263488,0.401686467690976,-2.174825891228465,843.9129051903092,-43.54971974306727,-177.5853189945774,-8.659982437777188,-4.79160397892656,-299.41598474168313,94.61607077249072,-0.0420549912891026,-310.2137546775876,-1331049.7371624855,-989.5921640085426,0.2788266577943261,-3.1938855048539665,-493.2355151527008,9.536394745550837,44.81645237376932
2013-07-31,55.49471584798984,668.9961889764877,-0.4702426957244405,2578.7823519404283,1275.6776837835305,170.78828482954324,-7.268144829462207,38.44266442091725,443.3749344427184,-91.72910491523956,-35.34459545448357,-0.6446804781003641,-30.34664633150981,-124.67670107813076,-0.4706246493942046,90.26504743125042,4629.215743994944,27.596957252448192,-1291.6590697547654,-10.880615036329374,12.946679991595827,-38.52946606858313,-23.64163144386193,-0.050666609528573,0.1796783049402961,883838.8068916649,-50.00266273507441,206.40395308549392,-0.5998486278349446,-683.3473988899423,0.5883128270821203,4.087043632190661
2013-08-30,-6.614055673616205,52.86436221513568,668.0508558099189,3735.1227292817257,1539.647858541225,306.8417529025862,-5.5834109113409,171.41255343691475,231.36414102150692,-41.3117435337139,131.88170709518673,-0.5255971523704033,51.42254507767097,89.90235084162578,2.205705245999061,7.574538603801557,-1845.3571212878069,-10.98973065100472,8461.830329662822,-15.668138400352788,32.732155613529585,-754.8346479155807,-165.95517769570046,0.0357894389317063,213.48562603654284,608239.2440307736,1009.1003486108656,297.7891061301748,2.2963559209077857,-615.3306929902028,1.132906156757059,55.49471584798984
2013-09-30,60.4759443783808,832.0831404206051,50.400749676331856,3031.450219704965,1440.8779284102566,-135.4155258391874,-4.373109290665592,224.80618639338795,346.3158150129756,-67.11801022321083,146.18730129248647,0.0417797081773899,-63.34303340115953,27.929213261319376,-1.735626036453866,105.4343622927172,-8473.055228209654,-0.9414513357164652,32290.999336226854,7.194397042598794,-1.472599938586768,-451.08271141708246,-19.40315527831919,0.0295062443241587,68.22208226066766,761874.3405534029,877.5351234812515,-281.9840519091547,19.05985141525875,-1843.7757770232347,-26.73507561096409,-6.614055673616205
2013-10-31,24.95519862261016,-109.74552696369751,829.3335990105907,4204.617359922518,1628.2301521205056,615.73517120643,-4.953197036056627,172.09316226065306,1124.0465841135187,-97.53121318369898,211.0550482415756,0.1777126727674634,49.69051115414906,-50.60791908376996,0.4733217348069564,-13.767943580898644,836.8514066679581,15.000502022991896,1949.5411709972832,13.959218780223068,4.273946706449351,-145.5555647318197,0.0948331797498838,0.0344367445855571,-22.12398342801498,-298024.69215527177,64.06791338033736,-20.34144509379354,6.295000197897366,-44.24967509369162,-1.8328582561412643,60.4759443783808
2013-11-29,49.0345403868882,877.3152862451869,-110.8427435027616,3337.3059223834443,1933.113821785494,-311.0665541626535,-2.5207906499445007,21.34133689750528,1518.270790541902,-33.569454839570234,29.697985765899244,0.8954366944599652,3.2124262513838,10.972373186904406,0.2439817449413674,119.20996638868382,7286.189923057565,8.134755516133964,556.3056716985884,17.962785522270224,-18.29527490396561,-406.2696120075416,-155.18228897386052,0.0140914240035687,118.1719244540376,1475043.5338100195,-1236.8065235369063,-173.8578898374784,13.629766691701036,1239.0784519817316,0.7904027745023825,24.95519862261016
2013-12-31,30.684031855055405,347.93252646869206,877.7315096715612,2648.022934420853,1819.7435450643684,420.8782147390256,-3.2396981163005143,-32.60616994996194,987.3341124532684,-5610.608026978752,-65.05832028091311,0.567568317950475,-7.786537656677169,182.44793224785144,-0.5613525844410896,50.79438940974797,-3245.920166371132,33.89242703045761,7016.562377030146,-23.609914671160052,7.510695386806674,-479.7188351823388,-97.9318102398684,23.17147900432823,99.58591194967283,395014.46306690574,592.7370500912815,115.98649815123946,-17.655179682675055,-1729.9794949135612,-14.10822736803442,49.0345403868882
2014-01-31,-28.40429231455397,715.2835912142233,349.21274078177305,3095.0629560955804,2363.993661858521,469.6365234812616,-2.429844953589176,-63.31603884381308,84.75181092946293,-5606.234454653866,-104.83766156653664,0.6363285677084061,-2.320290022107695,-246.9796238246765,-0.1386948773026478,95.51963237181371,-397.4345044640286,21.852536802115992,3087.3542488191742,5.067080651215065,-6.679051371545256,-36.30217057232039,19.73729413711635,0.0587137811442559,-0.1935278078308329,262951.84579868615,0.0,-35.931640036533935,-1.214140408938647,-64.12376197600679,-3.05276379121284,30.684031855055405
2014-02-28,56.83507912388236,437.2697388822036,720.4258313265307,1941.6138515634327,1089.2407693821403,355.47993438071865,-3.970567709227839,-2.2871492543842447,-1919.155385252276,-6439.580336626029,216.25495484826368,0.8442615020784284,-48.041336630448974,49.14858560565784,0.2930430903321714,65.47418771414777,5241.683996030024,13.716974297006344,28605.31178034288,-8.829724861144342,14.646003071787163,-645.5552279545336,-92.2573282730475,3.489277079806655,41.829428717452174,-8160494.1085470915,0.0,38.77955902679953,-9.982974297918304,3386.629129450936,-4.4556217407308765,-28.40429231455397
2014-03-31,2.893407139475785,-409.5001401150733,440.8692698363079,2507.789513812355,1587.7200012030655,317.98501510692205,-4.796992321876082,20.43828570519272,-2149.293059861209,1699.6988315572369,54.69843480395506,-0.1637863818296956,61.9004276873772,32.37789158999402,0.7203529621539276,-59.56250803479452,-226.78993993764743,63.80799038547775,2767.6248379953176,-35.85225851580289,-34.27389874469327,-429.0810826134948,-133.87407805370452,12.071894302201802,135.32305687504856,-6093.914230123162,0.0,-101.25191149794657,-3.9781355640097615,-413.1010490196495,10.75415947093397,56.83507912388236
2014-04-30,-10.043815109589046,860.3212251895413,-412.75489989034094,2862.179772256505,946.626473104036,-391.1075952200956,-3.1398716441210994,59.199007734533794,-1767.733191029579,1638.5637427265287,99.29544790173745,-0.4748605620610049,-32.112151320150986,-0.7766015806620317,-1.598051873189999,109.24416219740124,996.7325246233376,-14.011831692667556,13556.165897869563,-15.494707761568831,13.652385426904289,109.74039297886156,-44.59010172709839,-1.4226467556857756,39.40617221100399,360483.2438939512,0.0,0.0,-5.86507314662714,-539.212627226967,10.252279542015913,2.893407139475785
2014-05-30,10.660252958369682,62.33059858078421,861.6755366642816,3207.220298427159,390.4141218568776,526.764885016168,-3.1531245606172598,8.178685653268564,-2790.653016408058,1421.3942705102424,-220.49845857983888,-0.5530050027428077,-4.857012510621502,-26.007534058315,-0.0116023163966963,5.9693883162890415,-5700.541545994231,-47.19905984847583,-4437.072449714629,-2.092450599899749,2.8316788934074566,-161.6295443233521,463.1414493278681,-1.0442785277621454,-424.6004532525146,1123222.9841625094,0.0,0.0,-26.895091661394844,9477.26122170647,-2.6579174033899164,-10.043815109589046
2014-06-30,14.236140280295132,-110.84838367072912,61.85166931301925,3655.715648097305,959.9391596934944,49.63398815993251,-0.178829352694368,-46.75696396912482,1746.443145870238,1126.515516597313,-280.36695532853,-0.4804284490784216,17.468183580146015,-12.360775911178337,0.3229325114972694,-22.07724000824055,-4363.126556977935,-67.68727162104938,-24178.14341125895,61.99514084370128,5.669518150977524,32.01472636224753,232.3467502154336,5.835964499788361,-206.86399546591056,-1589018.372009337,-2551.0067195304982,-130.48159207590288,49.06955757543801,779.8899025747378,11.15269796694102,10.660252958369682
2014-07-31,-27.25185904374114,160.44297975033487,-113.6674214459072,3826.22202248192,305.20892033179257,-22.043611159500504,1.0073013974073943,93.86598089239106,1379.9301810311215,1212.6631585682471,-275.21873248518614,-0.617833326556896,4.232871694680068,28.017434517251672,0.1949262198641733,23.28812025249681,240.4315171522685,4.15224366884604,-1962.2188201810493,4.527570148250021,14.334497736348794,-172.71039749266856,-3.8466740315099943,2.6896173187644337,-11.872451777170411,220322.32527518272,-844.4326918251463,140.7024716732407,6.8419305252485,-262.46421000147166,7.057112348162065,14.236140280295132
2014-08-29,46.24837065122402,201.8851164082358,160.06643481665412,4723.340045942296,-154.5084948028143,236.8108568353029,1.462577118261367,273.3951127381453,1306.856958144373,1326.9751951328774,248.8073784485479,-0.5119859085678321,-36.39287376318256,6.85879965317713,-0.1871361573027367,22.80038726453131,2112.859346458925,38.55816177613974,-4532.404380498847,27.051155401251464,30.9171049064438,-74.96199363111191,-159.2375165256771,0.7651118101512395,162.88078360056602,1542785.3851306438,977.5879422145854,276.9120038014214,19.044852433429355,-10703.26261605807,-1.9943111980626045,-27.25185904374114
2014-09-30,-61.83995676499831,-392.1469500185025,201.1538145981531,5556.93697519264,630.0988550371601,297.67390262841246,1.0198040349525603,226.80629222470407,655.882619906869,1310.8444100998931,109.3776553542031,0.5465903049029264,48.703590029111815,28.2508479670754,1.016856703868292,-60.347506931853786,621.3430213234387,-20.61154349778212,-3835.144358870617,-35.08369070653862,-51.118845622696085,28.302167907053445,-33.20283984225338,-0.9232282387754154,28.36374184786942,-459637.4585075229,2027.4548395477352,140.54022100774876,-15.24088724739849,1220.518696466228,-3.786348054546295,46.24837065122402
2014-10-31,36.9482475226674,675.5492526658331,-395.9037555814591,6980.747752526306,-415.3589314758543,-240.1284014449513,0.6546883798742471,133.91982236232758,512.7321976194493,-3588.019298515833,213.1897144623231,1.0002548548505994,-48.17022640882469,-75.26230606314942,-1.039029156433216,97.19524195256054,858.0188448641002,42.10189214403727,-272.60067657753825,25.215368308912502,-3.698454406974861,100.22654695208804,0.4375255583740056,1.6489377328750263,-19.01154608181662,367554.7076476514,712.7699710289767,-194.94344207390168,9.166135297620713,289.53305903298315,5.231855349216374,-61.83995676499831
2014-11-28,5.53509279441995,-877.5698564257516,671.5952669704594,8797.062092146767,-64.56167476665799,478.7725487455457,3.313049274293085,-32.38894554880335,316.37146387199755,-3652.949909978144,-182.3036237643078,1.0657999034161438,35.12073010706332,36.06818361060738,0.1731885892004416,-120.988498786317,-924.3311576305568,-43.86885872699713,-10706.834376658866,-7.303425432187964,-9.329317898464636,292.1105413990754,-201.7983171931307,-0.3559087705243655,202.95831162612572,-1515202.9576984048,-781.3114156829997,-527.380056319727,-7.104631214977445,319.37327744981303,-1.156829423642222,36.9482475226674
2014-12-31,1.6838217303853225,550.1599804542604,-886.38621105432,6875.893036088289,463.1657749416997,-230.8326419736232,1.6146568704665036,49.09601784809627,-362.9877992622796,-9621.053674535333,3663.830328550072,3.5743368979144217,0.292040520617089,138.67577392050055,0.0130503999342604,72.05900782670506,944.6579120248662,153.37978937953767,-10503.61952153621,16.28248782021234,70.94043624414326,120.7669670659161,-14.823233992756002,0.2312666713374582,78.67409819827822,-5500.740576326847,458.9380742473471,294.6503939871207,22.466321699558137,-1311.1871291678908,-5.776042683613184,5.53509279441995
2015-01-30,-39.61595019225158,135.88501561269146,549.079968746661,6826.869945053365,-184.3520792973396,288.8135314496737,3.3629700800276794,25.35009517969244,16640.64782424797,-9716.844892168325,3701.362022515212,3.4426066274029745,-20.233517037910172,28.67133187027298,-0.4973435325008397,3.0682596461338107,1352.939415642746,-9.832025213693669,8532.890636279204,-8.09954526399224,-7.215959737465596,39.87641513878407,8.267173755231454,0.4913573094942407,-6.890175384113718,621047.5450675786,0.0,0.0,-8.129000172998786,-164.33124536807736,-8.892453184610929,1.6838217303853225
2015-02-27,57.78448175862686,28.809236807999888,131.35987977464163,7528.365687444011,155.22992726634618,292.435290775461,3.2929697342071163,38.705592530946326,16410.415263531428,-9433.492593931547,3856.869901357242,2.778815585986653,-24.333255154230805,-147.21431170902588,0.783379600828418,8.992434426763793,1733.8165140466135,-37.0791519125969,16374.450861720075,-17.805429379763297,-11.897290680915034,-359.59592115011947,-8.854174101721753,-1.267079999724395,-64.14151556085233,7969082.777870744,0.0,0.0,-11.135108859910872,141.43942951164354,2.568149952080347,-39.61595019225158
2015-03-31,3.294639352585844,-542.9086951638258,28.981612200566595,5568.836109796392,470.87898332620347,-6.9217016125688815,4.264748759981546,-4.671882126931608,16014.534489620111,6367.427574245769,352.6192385052682,-0.1159951662963583,71.41348591483626,75.64230479731054,1.9937257675716848,-80.94647923760931,-462.718900305732,55.991523198087634,11860.648922718334,-43.74714015787838,-9.031244507469523,-96.8236641498861,-119.1911859286534,136.8597092900783,111.78575479880828,497915.4416420013,553.648509061253,-692.4517000435401,-32.881103004969674,1326.7929316291047,3.0381426652902803,57.78448175862686
2015-04-30,-21.41462237280912,866.1796117960092,-550.0169987366579,5563.166497411268,380.51322191698233,-367.7385928980215,6.0525090270345405,4.424082684314273,-344.94604291386275,6668.266379922553,282.80239809212515,0.276506089903308,-55.46006372505252,39.92177724320959,-2.677699477030699,106.846426479593,718.0131576485019,-23.095961770037547,8804.710330202186,7.403535616885094,14.097798771566431,147.64074872411948,-51.20372795082011,2.7761673414075005,76.53985441119494,583633.6677883565,264.07723859393536,384.672558655414,0.3545068608509609,177.34123402308614,8.225458643064542,3.294639352585844
2015-05-29,-2.5355585343697515,40.44448436153107,866.344553951928,5711.325341909183,36.590837379891845,693.9256362626577,6.45618911042319,-74.06740937819539,221.24431398838516,6584.96021180353,236.67019861790328,0.5655230903597933,13.475036826373106,-75.46055426542091,-0.0724859076386558,5.683049412389664,-1128.0009367170787,-19.205031532945892,438.678030139723,30.92940900347139,-2.93178998474491,7.75908810767578,538.893233886521,-0.2924922896176554,-444.1795754320206,-232926.686874941,-1295.985218355676,672.3411266660179,17.339027477969864,-1193.2569407567353,-0.8054017349497826,-21.41462237280912
2015-06-30,-15.470608465488231,-310.6838058354218,39.03998118650926,6192.549791732699,588.1220595998502,-130.66604294505137,7.143766284514756,-140.53287327566946,914.6905244265172,14449.550510674706,25.37282454347817,-0.1328310400416359,5.97391086741899,43.3904630251418,0.1159604506665374,-44.08232021881304,-1874.063957004022,-115.6053419432269,-14991.353604293909,7.7577001911569425,-9.918525214995611,90.59852224259704,78.8084807399695,69.87842185046298,-129.78268720146508,-2319216.1953687966,-13868.182568913326,-87.5641640999375,7.064551960437342,377.52326608890144,26.467956397878112,-2.5355585343697515
2015-07-31,-36.39573230557864,7.615544537417527,-311.5141759285399,6899.7895050706975,-504.36344770477615,68.19940620363455,6.423517556989819,-48.9921774675227,856.538712037023,14497.207645982304,6.274819482583023,-0.1665020833090267,-22.68801403455709,-17.053671047294188,0.0432419240785466,-7.86765223661132,1485.242888311197,18.59053106510896,-5133.677497278477,3.497823771691401,13.394500370424224,6.067999409864569,-30.826493048992155,0.7454467096553685,20.79296907720463,-68784.04461154342,14346.442039613814,71.22618308572902,8.679093792630539,-1108.00988146069,6.727308114180175,-15.470608465488231
2015-08-31,-35.41396478813117,-232.45902035395272,7.710241718915423,7508.471857619605,-1026.533900823894,156.14456407221525,7.122326338184809,115.3763784923638,568.4284488312311,14632.328642013828,-6.433510447315913,-0.0141871665812103,24.056093250143377,60.49608945488853,-0.0035301207462026,-34.1732029515606,1094.114540852319,30.2818738717001,-7333.771172315479,9.085843270353765,5.345751668937851,188.5946640028178,-170.01536306303726,-0.9845462054116184,144.00112818043692,834777.0561759472,0.0,-83.20927548760028,5.570138905752884,225.7953367154041,-1.7139767193216642,-36.39573230557864
2015-09-30,-69.60053308283129,-476.4490470447314,-232.3102148672395,7746.518983562838,-1231.9253796338742,-177.02276356197973,7.929262075425775,250.37739369926916,233.88707097030868,14447.12077726793,119.4760153622927,-0.0015303989765819,-60.56771883580521,-17.88691055321067,2.84504962122531,-77.73802163805158,-1046.4354020519495,2.605861526569697,-24552.534794461768,6.588918658917351,12.304288511554546,-60.97030628420907,-83.87135534961709,-3.4973741415721804,116.97995117472186,-82280.472373873,-12553.855975940143,410.8961568663245,2.4049111424152727,1486.411970079076,19.565418146269337,-35.41396478813117
2015-10-30,56.68743516507473,-519.4395012382952,-473.63466059812697,7069.5068876778605,-2186.1309440459404,174.34509511992397,7.824906300237868,141.66393840435558,266.9191772648319,1599.6632842499964,311.13121316920694,-0.8732075814232759,24.354793861234228,-125.02434580402922,-2.2718845393374174,-73.31585252464538,-181.1489413209365,-25.8544897826348,-2570.595060043146,5.70610149493811,-21.60881983906313,633.7247472646741,6.157920378346688,-10.239759348874545,-4.605035628167002,-800785.9652901888,14320.06504972777,1349.685996913906,-6.316795983644994,13721.185177088242,8.555489735410674,-69.60053308283129
2015-11-30,5.0141253405094215,-935.2326728634469,-512.1963956232524,6996.041579064213,-1102.5670126937246,-702.04438203985,6.9482334530128,-5.432578445202012,231.7229829109897,1488.9443699748722,87.33831687295343,-0.5799112851557958,81.90747099859287,17.425233959329546,3.547962323102269,-139.4760210421755,-1182.450939573997,16.434928406925337,-29279.03572721503,9.44195526686039,-13.965934014448068,652.112684358246,-194.4219084130928,0.1608232939833556,211.78085260306116,-757670.4266998619,-391.3213040953392,-501.9350961147241,-2.845932657757885,2487.459102619541,-5.811560508040657,56.68743516507473
2015-12-31,-47.728150867085326,829.0800583031983,-949.0468403673271,6729.8386076455,-560.6152854289547,-354.6265427890013,4.384848668228263,-123.50093523041376,-16.129834824980612,3087.751749280824,-95.71205870783284,-1.821256640055992,-53.32615431651482,47.228502564669725,-4.279796328256378,104.53389528873775,886.824383120751,46.05476666655818,-6698.807727264648,-24.100383364912037,-8.026796187159448,1047.5025418606638,-103.39166120343106,2.027021823629923,269.4324025463226,879170.6558399796,-1408.8277475719908,-1930.6795153119149,-13.389281720187512,-1601.907438639384,-8.852785704235203,5.0141253405094215
2016-01-29,-99.20765001205216,97.2017609360584,831.2418557562925,5906.64471562963,-692.863525888799,849.1548804792775,5.282553939963118,-91.349798304287,121.9467440281447,2930.070093547229,-145.52671862990664,-1.8154762203644847,-21.362950513980795,-72.70579466354383,0.3493399256834955,3.014646215604444,549.0616034516788,-6.2115944534346,-5345.509730655031,-0.3580452629133788,29.773355190448115,715.1444513422721,20.09129389524992,-12.098763958666808,3.694155537499341,-197932.16790029407,121.1872604949158,-40.434773902706695,4.941026861201749,-11721.79462694309,-17.18368080813198,-47.728150867085326
2016-02-29,22.917845944328413,-652.0907760641902,95.61535925245244,4723.678935192447,-1155.8830188496563,63.01370390476471,3.381067199631823,-75.72890083490576,549.3733382610858,3045.625804508489,11.560042799156411,-1.6216114305249858,-28.904635770877025,49.03044824637135,2.3560437300630848,-92.20845061586988,1761.1127707679334,-31.107179912483844,10998.358464719597,-23.202788779196425,-19.030598423106653,-267.42427070661324,-26.71211491827057,1.4817178688718684,-27.64503054730756,-396963.1660347879,209.1511780013195,-92.0830980175487,-16.431011540629413,-2220.8441776060354,-10.46347768433165,-99.20765001205216
2016-03-31,72.30852238297618,-1379.237530808786,-643.1257685480242,3185.359145643897,-1598.576016833876,-243.16275328250595,1.8221429830547025,-51.640813267539976,738.7719513643459,-4286.165141280142,4.310085370846533,-1.4103192045279425,45.32014888962475,30.25607217339939,-2.729099264347381,-199.17566940308825,-211.0477032425188,-38.87974401824272,9953.816440484654,-32.86868078429804,-34.37094860341165,60.15294190917666,-29.659316708178608,-9.508699713560844,65.63281769398918,-927010.1770341396,-296.39846061652975,539.5356007905809,-8.07015271066922,1291.6268635296583,7.307113938920878,22.917845944328413
2016-04-29,25.077314709976545,351.91953786168307,-1389.229787870065,3966.699104348152,-655.7541325844862,-660.2540499459109,0.5261935754939412,-21.671949445636635,590.5675422700419,-4234.876219723223,-59.90002859834584,-0.5457283318736876,52.19534276217321,-60.24792914822194,3.469552614965977,25.87569331382474,-775.0665532617077,-7.068633269069096,-2646.761726280107,-49.44498114156708,3.432384881943676,1461.2128334971294,-61.30966878886181,2.741692409557828,17.237743755834686,39125.12555582821,0.0,0.0,-12.279966536363588,1398.8892005681846,17.90457893846869,72.30852238297618
2016-05-31,-2.6045115991294083,1052.2524101628376,358.63481799101885,3520.826125846161,378.37825781130607,-9.004289389181253,-1.3480347474118943,-51.888345318382335,430.8490126851572,-4694.720187369886,1.676874663703412,-0.6617479662399084,-44.5144104549457,49.249851199156296,-3.405320389175148,142.20415941208557,-3581.819885644421,-20.439331120184303,132.2733858688298,8.578948206099305,-1.7352498300662091,771.6856143614168,442.4917220872396,20.42369919681994,-423.3174408455551,1061380.4452434182,0.0,0.0,-13.7140358037054,-682.5209052103746,-3.412114594109795,25.077314709976545
2016-06-30,-26.074342674010637,388.0631238712311,1056.287582646397,2839.4022372257914,1756.1864818542924,760.0442600508135,-1.6694466514854294,-74.88068320727031,334.3358500744876,-1949.6466167804444,-289.94817310753933,-0.4555078241385214,6.576165572802736,26.83471704373153,0.1759849259321515,45.29636712661886,-803.0398128309153,-11.813197989292348,-12454.984029206007,-49.7844963213752,1.280013381630397,197.77950722245623,72.53743846862265,-4.599326206473137,-280.60709960981075,-1569015.7965847405,-1303.5082974997058,-341.5499329744989,-21.924490421962915,249.2518985554707,42.25210197988869,-2.6045115991294083
2016-07-29,51.710995809734136,-36.11396717318381,388.4391781072264,745.2624320547998,1018.3886997593834,103.3815265958454,-1.2214063352669844,35.586189481473646,274.85093336655416,-1905.573554578429,-282.5716242637682,-0.4062444503840614,-14.030881579512322,-77.5902163295832,-0.2405142067380015,-8.260996946884916,1292.5337895665834,22.08082629540468,-227.70781866290417,11.841158881310776,10.384363193903027,-1944.8283736573596,-32.978619744246146,-5.667001057019149,40.76867026515038,-270301.11102075875,-541.6137165507935,94.48184397412234,5.779841581294392,101.83559842166868,-3.2265688965750314,-26.074342674010637
2016-08-31,24.599402718202377,-373.3960901489973,-32.25957525740657,1000.019061243264,735.6546559542237,198.2221584150634,0.721840044852613,157.79790711407142,-38.78037612523863,-1912.7304638261571,-76.10759808002881,-0.460034644736071,30.263237158877423,35.470450727311686,1.1569936876077471,-53.8514332908253,26.650086681087487,-3.6656470624920985,10541.756176951843,171.45377742224656,12.92758597205068,73.10719647935912,-119.19078114822032,-1.3888771450509123,236.94948706473053,1017681.742530018,1342.026938597581,226.47703370243244,63.87987662297478,-1455.7229175504108,-5.160553747250077,51.710995809734136
2016-09-30,17.30031698773353,770.2837824394086,-380.70305900683314,1239.163947570168,678.9086166225417,-5.668245525082559,0.43555007817889,172.79864550144754,-194.8066176696232,-1951.911225097424,164.7789934088077,0.1100597780288145,-26.01301997822141,-88.25115998391317,-1.137921139789379,99.4578800578638,29257.61223158521,29.874272018585543,12957.370797606622,30.49905285610316,8.358164619594618,43.32720313258688,-48.74633184505271,2.3152172796344246,74.37786704646106,204430.00980822745,1111.7451163903547,251.3372817859324,3.83467898887767,771.7087142718665,-53.13107332095532,24.599402718202377
2016-10-31,-30.085605646463065,339.9989365037314,771.5502016314521,1718.2965410856605,959.0006990402748,440.8825090785504,1.5683360886816575,107.42804556555257,56.536156141903646,-1847.145394110456,58.64123458833929,-0.0138019913127568,-1.9247821593997008,28.97526577984541,-0.0144259221158234,47.36830790961904,1731.80720497905,-8.598044592352608,-5868.075048373808,-6.845062750434749,-5.365942976868837,399.4030814671824,-5.711315861473906,-1.2926744148023772,6.806488120406812,21631.205911517143,686.133432726218,720.4365361430205,-1.0951956167261017,-1247.534960461635,-3.922279401043056,17.30031698773353
2016-11-30,94.21211260504356,245.4176724210461,347.4864799891644,779.0219661659144,956.6670969044328,56.92861457104911,1.9840767029541049,-100.20867542254226,439.81810894058697,-1845.4491643617544,106.18482851955004,1.0001953494069995,-17.811592811038814,114.9187074482786,0.3190078868071198,33.64753106553508,3267.226065788229,-2.670064651068514,-4460.711027644436,-23.515578789025312,-32.59422658735559,-258.1111139761724,-131.9465747074342,1.1204685572739947,84.64615468419129,-1271988.1786717176,-1124.2300448424537,-335.70620369660503,-8.640586164256518,623.6570424847523,-6.341140419582587,-30.085605646463065
2016-12-30,10.198521246066573,-396.7938072761747,244.95828348493117,41.2334555509944,1531.2885251163664,28.33431666707989,2.2850718172040905,-162.18572056122989,459.3034065355315,4.219986408557219,51.490699693409454,-0.0586341266551234,52.67468364204211,8.339258824009221,1.4224500209401787,-66.24089518094479,-29845.902685391564,-21.145496114756952,7888.441800229441,48.30573444043435,-3.6336692469941454,-995.2433983585106,-49.39632183713872,-1.0981100320127268,94.6853171156946,-938.3140716254712,-1688.6554246952735,-1155.4470812210416,28.236408858729448,87.0956665721169,-46.1141583039701,94.21211260504356
2017-01-31,-1.5403220577799486,1315.594854369475,-408.0267592561064,74.77423720989586,1314.6686652986266,-237.4262207934561,4.025053122293139,-132.62625673678224,1073.9525428598529,11.212838807357375,-27.83999424946336,0.0388960165356383,-22.51815823911052,163.4321199493926,-1.4887484128853838,286.75027261163086,-1273.30024632982,-14.282690672786202,-6191.365369212421,8.795233356280136,7.3278024063212115,-660.149921222328,-6.711818718597101,-7.394079380642779,40.44429622003168,571036.5227968991,27.690143419981723,284.23504161398705,7.118819952192382,1008.1038826925868,1.1749565995239095,10.198521246066573
2017-02-28,11.936520545319176,167.29073862849958,1313.1511123687587,9.152117994829524,1080.9809153450965,553.223835066749,2.970380985762402,-63.67983035185409,797.8159836627619,3.0190000258313368,-30.50483947585243,-0.4919465403594788,0.9451007952044996,-49.56711346416125,0.0349436819795393,21.77456191579222,1578.0474914233382,10.057320992930045,15106.88956294913,-30.403598834624542,-0.6256301037151388,-298.0730883605611,-39.07149496024272,-5.152762232190867,-40.00560998670369,2779209.212960601,762.7491772079909,34.782540350532656,-15.225370408160444,-1210.5399649967803,-6.173721654930233,-1.5403220577799486
2017-03-31,-5.3581936482990935,23.261212355083785,166.99972566209837,679.0247742447249,1698.58897700681,210.14608795552724,3.1173445131966773,-12.189780903649751,718.54131998991,119.3708033335046,-118.99945264746076,-0.1687771260780069,12.563290732091843,-89.82914796555167,0.6820007483730336,-4.031771752650457,-942.0933304018308,19.91460118812529,3328.6971924077297,-75.26671629763698,-14.703407026202512,-101.19992312994871,-39.24617482191525,-8.99557107199223,21.85620928558319,859715.9364592433,761.9906902882153,106.07330857188676,-39.05072863362088,447.1107617407688,-4.8667753375049045,11.936520545319176
2017-04-28,16.5304664829517,206.3597524584492,25.436449350019185,-570.4264836583186,301.76718183242343,224.27520043168548,2.758882886372908,46.08600891666058,73.34430688459707,-225.93912927479676,-114.82249283077046,-0.9183184109657652,-26.44503945481239,-1.764744645216069,-0.9722065215919672,22.29017563067282,1339.6943375214703,2.9429342170165,11620.19581344846,0.5958206762615816,6.60066326891581,-238.5548421347285,39.33994813046786,4.457502376325607,-56.13959876619936,388289.2215858549,678.2014342626671,-3404.171302194477,10.019102433745076,-356.03459926100913,4.7359578026728,-5.3581936482990935
2017-05-31,11.84368961651106,-84.12239206754255,205.0743054333529,683.6773126548846,401.9844107508399,409.2880616346922,0.2454548059429223,61.66017643629161,734.2468550142787,-233.43864320256924,-319.6239094819208,0.1656781133744484,7.248451251978455,54.14107937189056,0.0908497044138886,-4.316639673175814,-724.8585225406441,-13.88152448043229,-4505.557546633427,40.49839831213097,7.827779322296919,134.99143482554246,493.4718516519625,-8.164469082008281,-459.9101426279952,833659.1512544453,-2254.6403941490207,594.2636511497349,28.5512481365283,530.8170890701731,-4.5532295117960615,16.5304664829517
2017-06-30,25.418311424566383,264.5528151192927,-85.9919505262181,959.7879996407504,534.5373948890988,19.875392018276475,1.033354607742064,103.97237029114004,326.24389743733184,399.27559323632767,-405.285428472084,-5.951553844998483,-0.224925542130677,-70.9836592264869,-0.0049296612790616,32.447315682995395,-1281.170652599425,-5.215812657704419,9154.438804418283,-151.14899506697924,14.04596791061465,225.24257616160867,-85.84125830367046,-12.69899534868162,-43.467475031663525,-1609244.9685129076,-706.9669958919346,2682.474261893992,-222.35028794341412,16.82380135521089,72.05760854474596,11.84368961651106
2017-07-31,3.543685597326921,174.5675781298881,266.7976279553814,816.2785673930123,737.4781332800827,127.09825920130946,-0.4817311016612547,197.2437055670984,344.3348394647885,405.0738386291434,-479.48152962098936,-5.737598573164998,-2.194593610185821,75.56444077512037,-0.0402511129862111,24.63106972767673,243.16175215965632,0.3160988593579077,-10004.946926313874,13.930543152178714,24.64121700691976,-75.53263655181036,-8.932889839754822,-3.4794483403277354,17.400768187806534,156190.1940265,102.13890318142512,310.2408501353277,22.328536512951136,-1481.780829089439,-1.6460887199570493,25.418311424566383
2017-08-31,-4.824889397516147,393.5798718256886,169.2365657225414,833.2685653103085,927.6014573314118,124.16779124475867,-1.144991989999658,285.634811207889,-657.5018269216661,390.22583536661983,-279.6932485236997,-6.071683255145084,8.58336558635135,-3.450833859126078,0.2253022358399034,53.356400111002586,2465.835535844828,9.875636505895272,2259.166102459043,32.40082270613328,14.543701064957531,-93.78049172673856,-151.84026084135652,-6.660699004909475,132.69627958607504,2332101.175878644,2217.4794807913268,32.77768269338159,19.113068070759915,-1034.004948962458,-10.932080317644193,3.543685597326921
2017-09-29,78.88797092539846,107.53980671463717,394.0318320168462,1160.8243467164734,667.3726457341462,91.51179418577335,-1.659878344577222,168.284445647872,-97.12888470555004,227.6145705845248,23.81197015275054,3.4821779439840785,-13.486528315042037,-5.069481132259284,-0.2712259244317753,2.143455038763932,-2010.471552606079,19.965179557591,9299.758739541794,137.8973535119037,-20.902586588857503,-128.89499050478116,32.91034083253743,-1.3810482367336476,104.3460782138278,684582.8716607094,1163.9149548923035,706.3109383075281,209.36130223941737,-5059.38570827886,-21.33250380181181,-4.824889397516147
2017-10-31,19.627069777456708,18.176454929724738,106.97638142965148,769.4094354947323,1650.015053320894,218.03549625310515,-1.2441680513118525,95.42560971763064,-124.45781860831956,160.8787798686979,11.92702552707287,3.355578834938848,18.4552963598617,-108.2783903329164,0.4865893522076143,-8.639358500682647,-52.21496172526895,5.807711353050081,2310.5244205357594,6.140741414165234,2.644423287304108,-158.40557821459515,2.1423317304500813,-15.011924693091116,-19.27174253598207,191475.2218271047,-71.01723060402423,11.744991166789646,4.788291741727704,-398.8192546899809,0.1181494106614877,78.88797092539846
2017-11-30,17.820848878352244,1156.4610890285987,16.668897294883603,1819.988231407787,1592.880341127896,19.06319093527071,-2.5244155494938565,-55.24657657667258,-35.42423068882156,182.1622322789258,20.607169537058056,3.410184882836996,-1.8929238923169225,95.45551291950936,-0.0921373159941902,161.1204289928246,-1939.598988182552,15.29244850038708,7977.1209636476415,-30.10854934173031,-21.409091161949505,-188.63602134704888,-150.74684269906183,15.117789190605636,103.26068912957686,-606012.2730778009,-638.6138213205248,10.77396600267241,-18.043593089539826,1407.9860333048637,0.1477085175861816,19.627069777456708
2017-12-29,-3.338345352519496,327.62821556071736,1161.573996153496,1680.2619337961298,1800.3867720757837,296.6671863502495,-2.628624322446397,-39.54599132224257,-295.87489754617616,-1642.6655505493204,106.88072876733274,1.3461046874394895,6.833061561046726,20.54305503461751,0.3607990747736451,40.19279287157224,-423.5702055869824,-57.52483701188498,6054.0670363831305,-12.905239745627055,-0.8028297399987423,25.73080188088352,-41.36456542650677,-16.82029138681216,50.40167934921965,153178.55144532025,-1146.2151338573522,-1067.9069366324286,-8.27529856524194,6614.81297968515,2.5658674839963,17.820848878352244
2018-01-31,17.571181156226118,309.30297072009955,333.01031751601056,1678.070713490043,1778.764474291278,267.0213026029916,-4.043086903194709,42.42301949602676,-190.4357604190596,-1589.348213280826,-53.08567246309039,1.453482603256593,-16.1924227443582,-109.001001543891,-0.6679956961280066,33.56467529350812,1511.263138251974,5.758911635292634,8500.748756733054,6.538228873394672,13.721813547091983,-220.83614306655545,-4.313677636250247,-6.280808512454001,14.635480858588608,183446.6289987862,269.2747259665209,309.1163953028039,10.503341471252496,576.0059206665683,1.1358088259171666,-3.338345352519496
2018-02-28,-46.30636390222252,-18.56408663014355,306.34611442980145,1640.0824661223005,968.1794570332402,368.4941939988575,-3.896797357128452,144.63559064045407,-58.71857812663407,-1779.3665007539378,16.174743542917334,1.4133223207350951,35.14675474398298,215.90112693097456,2.276807308413879,-7.939592053870001,2295.9060537338555,27.890643276402443,203.3949525382195,-54.75262323251937,8.02922461606056,-202.4598155002659,-141.97376428990037,6.849041043978332,5.63665340919863,5243520.253105119,947.0829262846664,216.40800415359925,-70.05736557869707,-1593.1169179927529,-5.209659506363295,17.571181156226118
2018-03-30,-18.425425965393263,364.3820979400796,-20.69202534865738,3390.920122443237,-3.9727693372001696,126.98512889668214,-4.346175878195415,167.11598290052507,-224.18662605539305,70.6983196523057,130.22417294040167,-2.5124783954697785,-73.55162580937278,-110.52014842256916,-1.2544792225565131,50.76573931479288,-749.5556943485044,16.1820781141555,-3906.5373218618624,-15.65910914087749,-0.9704997306070028,-106.09796952547369,-1.623225139866804,-7.837856798695611,30.00943150540661,1050790.909741789,-594.9668645981681,-287.15287022869205,-1.7766016106254483,669.9158857713992,25.738641546325454,-46.30636390222252
2018-04-30,-32.07509064036235,-641.0903886518602,358.54538583815724,2830.4146224953656,-576.7903226838548,648.6681548304994,-4.429727986404894,46.01257402241794,-305.76250346130576,-62.52982621356993,247.14821682246455,-2.534726314072652,10.869149297131166,24.98230904039019,-0.6588988022019,-95.1549326512486,-764.7987707023385,-23.69729988526592,8387.602196761072,-61.54361950543449,-18.197362276519016,-139.22590958278488,-49.38941424239465,-5.407986929049656,37.37919005587469,-333776.75982759893,0.0,0.0,-30.99073366137992,577.1917466044979,11.571472693426642,-18.425425965393263
2018-05-31,34.761615005376726,-264.82055612121064,-637.7071611809719,3074.975554578861,-976.1436399678242,-443.299282890889,-3.4595574582694546,40.58535617168043,378.06043183264455,-1615.0679690018424,635.8370633299814,-3.268587611705857,21.37780526501107,-0.8675502034799365,-0.4460166041441241,-23.870591870618227,-2027.0432760457331,-81.59349811274478,-13448.943439007477,23.049251722398765,2.1969824393000863,410.0818988798219,586.3411578769154,-2.690715762632493,-456.1920207825115,8068240.039078265,0.0,0.0,58.1186438007544,-9936.125812445973,-155.19339015159375,-32.07509064036235
2018-06-29,-10.892989906209545,-410.5954939689012,-263.601440733259,3361.3114955457545,-797.8432045495808,-282.0394680303979,-3.555803109477129,32.37288781841395,930.4366751443736,-2518.9207231835894,271.54570467627855,-4.639480245252763,18.56464044873,-25.68242837934304,0.5387085182974534,-61.185724456121534,-151.68698080433023,-25.30391418299905,16365.404102097484,14.28051805531294,-5.312021580175042,364.5462589294839,139.7400614143448,1307.7889192254388,-205.912939905048,-2232650.732867703,-4441.551004631625,-3334.897690211129,-10.641391597215916,1436.1225872306022,-35.45815134476841,34.761615005376726
2018-07-31,21.46355953182563,521.4153520256278,-413.3678477907648,3720.011689128967,-320.98796927907216,34.5285089195712,-2.7522772187296534,172.90366655497203,904.7835400847426,-2435.755888757059,208.4367846531346,-4.37016492424414,-17.04810111238079,20.160251774485918,-0.5270770448137092,70.20747521270823,-172.28407212767524,20.3298795449939,-9539.7778853763,18.658284648271803,25.75156086903553,295.99563699040664,-22.80817045675504,-38.09812652307778,30.3039471147973,454128.56066921353,-749.2557241004979,322.4514329331655,23.998113848263472,-1460.2654419301616,4.471026219216206,-10.892989906209545
2018-08-31,0.4821129281647522,-152.54287598331027,519.2512352952823,3326.6621588289822,324.40933956525544,311.3946724033899,-2.393103587411813,256.1382547449514,111.42442913697464,-2631.551938473985,-37.115389483177815,-4.973076986065232,21.29050522522377,25.824464797974315,0.7693641675657306,-21.69145354414832,286.6635013260948,-77.54489783072131,10892.04913451348,14.58085139119686,25.377597522614224,139.02503511037685,-162.0164631033091,149.37316168132338,176.91237865154048,-772606.7749606222,1322.8150409586474,57.51604291405874,9.024454409902887,7573.777012878672,-0.7010251952631954,21.46355953182563
2018-09-28,-4.513398516970634,377.7268042493728,-151.1859581134234,3563.2987691039616,743.2841222229454,57.139794409069054,-0.8614108028115155,212.77690025820644,-110.46524500702137,-1350.393721930558,-107.02520931909842,-3.858095117320085,1.9671590816044715,-59.791354328834245,0.1271284375333444,29.12398101631152,1527.350763293627,11.113635039635938,-4190.693503698465,21.42504954114139,3.897947036816959,396.4263051491034,-57.30396642643882,77.4639411406481,129.25528808410672,404175.3444159329,4326.8817329827925,2822.185978845708,9.61998905594112,989.3515555133126,-3.439585353229263,0.4821129281647522
2018-10-31,-126.8802971246474,13.712927697218117,377.0928147539988,3688.4464425727137,224.20549836315885,374.72870706168254,-0.7844063232199904,101.1265345392724,-285.8268415775037,-2133.6245420211835,68.8180788977927,-5.350700932464544,-26.612437025454227,68.8120840776163,-0.9145380003417162,0.8654848956539354,7514.682899607897,34.70261491925726,-875.2712927746907,-2.6830109595632905,-28.467331394007942,-150.1142149686002,80.20834012657264,7.806185379287172,-15.737447292670822,-237088.9689621925,-458.8900452093173,132.74423551819677,-20.466737868356745,-1864.7216317702405,-4.719834945089276,-4.513398516970634
2018-11-30,5.501313172873942,-1.338852895806209,13.919662654787947,5221.164432223056,-1440.2340665994484,403.31106974406697,0.4207045607115873,-75.04441318499397,-44.86698148140383,-1891.367412831729,399.1926303088839,-5.846916112778649,-64.44157861780899,-46.15671146715158,5.1008913957678494,-8.758824204229313,3567.4008769691245,14.384567864604604,40729.4306480473,-15.512423771814014,-55.85201312500226,407.362407666129,-124.20983122634443,-76.04708049266969,108.21643231542146,1177926.9251344353,0.0,0.0,-6.128561926422748,1736.177516269032,-12.783618733402369,-126.8802971246474
2018-12-31,-121.32914989228816,-1766.600304761368,0.2621195410786754,4104.098268082249,-1587.1217183009137,6.9925755006080825,0.6887345266734581,-116.46998032551272,-4.14062730895711,1464.847075048081,249.43986928391067,-7.63747996230654,77.23439201631768,-120.93985921293311,-4.879164456037681,-246.67084129924115,-9189.769630548344,-30.21610844363204,633.2320432816341,-33.88387021760579,-49.82843570163459,-198.31585627400452,-179.78139030629973,62.49874563406957,131.72840065149637,-1019675.0347496718,-653.7349414142294,121.69557813823194,-30.32858199380024,1500.185173304024,190.69893539565527,5.501313172873942
2019-01-31,107.65938101783762,191.6372079304957,-1767.3589078527834,4413.146011385778,-3315.138223799758,-932.2778375926704,-0.7737274519127012,-81.4228186338057,12942.577138670376,1414.6210574423806,235.6800547730891,-7.248524268766087,-92.67945002844858,34.329905289419344,7.732539915723374,-7.719570349489004,-349.3829025301784,-6.90171686960889,-13906.155878638878,3.840014616688592,2.8270666823895,131.07681153338672,-1.8856081325074,-51.981839000108494,7.154480499231681,99954.61392454804,34.71434982431458,11.822206964680577,-4.724230263801502,-209.8894538793029,-11.900205481074464,-121.32914989228816
2019-02-28,54.40192696053023,-1674.3566032905203,196.61800158908588,5022.13144819338,-1645.1925279693007,191.63018514553764,0.8360479718441634,44.4414855755492,15226.191309458496,1727.326749723057,148.5014407232128,-15.947908435520151,142.62845635563724,-33.897937637999576,-2.8598226430610474,-233.36959106640825,-2325.5241919785585,-42.33582084053205,-30980.3262301636,-31.20400978798517,-13.95016903472333,1046.134075918535,-83.7651324098527,299.73671616938213,105.64087271252026,1312027.838805735,710.4313393113498,473.986569618476,-35.62389213337005,3978.7572064752712,0.2414080255039152,107.65938101783762
2019-03-29,-52.15093166255579,1602.1147991821967,-1708.2661942740583,6547.0436223885845,890.2919703498643,-1169.1037909484603,-0.6298512002291512,33.87961872912705,15733.236188177654,1386.4640537247833,239.1522584320797,-13.147505790741798,-36.78561432852684,106.1199330298084,-4.212456418242686,214.53398141587968,-617.7042234262408,63.36965155984012,-15190.648454521026,-23.212884341388357,23.643559300600373,1691.0690474936855,2.180789358249399,136.23466669432582,111.20531371878884,1362544.6096152514,546.5826368431458,-512.1126159565506,-42.97453470838226,423.6216634666889,3.734832072526984,54.40192696053023
2019-04-30,51.84529183799453,823.4618296757162,1621.2634680256515,4454.5485431380885,2.7348165031927083,950.30319352216,1.4073383622627151,-39.209538245515176,4119.18072178652,1321.85956087946,260.1707654622098,-18.8542086932886,-17.74013373921605,23.40075687086744,-0.7873382281409452,121.83868167758736,-833.7216683115748,34.50959383391705,18853.73176270911,-60.500630488466825,0.2068521172865303,1506.9030303907475,-18.965737127470504,-48.41765681461948,79.98538911095454,763818.1687760949,-59.97532307032918,-166.6347298823784,-5.587564405574973,-709.5811121153456,2.266955188004573,-52.15093166255579
2019-05-31,-98.70466245667012,-688.5582914069679,815.0535967076829,3542.060433759983,2530.783845295462,390.14561581401256,2.972881034589519,-37.927926846498906,2319.6866301145164,2026.18163142363,3.740734887907017,-10.72788698245043,22.024748207178614,92.26862689408416,1.0956072909948784,-102.4229263817142,-1674.3546133542332,-119.23315037898624,8438.4120758824,60.379417388126456,-19.501928940312496,519.4504384038573,423.9485971499908,-66.88161283169597,-128.36553100017284,829127.666921854,-1117.8580348499806,-365.90855032758896,23.646241838775765,-3484.634933031244,11.05034964573386,51.84529183799453
2019-06-28,76.53832662967815,816.7871338640877,-695.2072921512505,1439.3680436571794,-470.28500273842576,128.7718642481178,3.4659231351545303,-51.278637220792106,2017.653745058456,4443.822596791238,-518.3725531561195,-0.246723841256463,-87.8671671049095,-26.023725726399903,2.910965396715874,104.91130033884474,897.7986565921692,-85.73726206925448,34436.621686774466,46.07285617236681,1.1472920095786776,-1435.2517311816337,235.48280065490457,2640.2413931474093,-808.5639879265354,-1032298.321020171,-6677.78104959802,-1.1284201486669758,38.258672177341495,487.6331401314165,5.485199888162981,-98.70466245667012
2019-07-31,-21.445061550691097,-1368.73166896516,798.6699509657019,3035.485945897017,-93.33205931579188,449.93514239904886,2.4423699189213526,115.4758288311984,1103.7102951907018,4712.00627733798,-535.9638922934759,-0.0702638314358586,109.97181201393651,-18.2934095570547,-0.5682353596334138,-184.9587499928457,255.6012726020781,-15.998990410635315,-3737.890682327241,-1.7585822731814602,1.3112551207545948,-169.89211167346548,-9.670530959183765,-113.35391918323056,7.225958441631555,-744259.7227885127,317.3541254291231,196.42559120495588,0.6684272882139339,-3010.49599060318,-5.6221334400758565,76.53832662967815
2019-08-30,-77.63313955919818,1183.9281477190052,-1392.5880678789158,4293.987510216722,342.6517696028407,-844.2435208515097,1.544642008155752,188.89823785718195,-15.23875976325742,3456.856720154696,-245.377919675353,1.1129010563484054,-43.441343050930456,-0.8617146745739319,-3.422491342009601,152.8742229114232,3237.842851347865,8.07490767961599,6104.960571833217,31.52887146376051,36.96801602912012,-324.2480255604132,-151.60073220521525,-299.0956640269678,185.4048908546417,3473333.443333283,1543.2695605027793,712.8441528872046,16.759488423882914,-234.94156394652964,4.839288357524424,-21.445061550691097
2019-09-30,40.466510737440224,-248.5819584998652,1180.6911500750616,2847.174699840157,-1483.5399706096246,783.7217676213761,2.698639470603661,184.65788003951687,-156.90139399652546,-751.932366078529,86.7306460710913,0.1238980182403573,-30.08102484539581,95.37278523773192,0.4293651221361837,-45.65801207567529,-2015.353276708356,-2.487326194972411,48334.75875769771,-17.168912458050798,-3.586131838478309,162.5596487944258,-45.224926442123405,70.06367834350658,74.5690608835609,-467447.51981572807,362.3136002581005,-462.0065798921706,-10.431270210758356,-329.8693331524919,-24.177038632991213,-77.63313955919818
2019-10-31,10.61019355872748,-983.435661636572,-240.4345027687041,3295.7669480883637,525.7053389227817,136.51677712181242,2.710032426819875,104.36986135866375,172.81465964416114,-1042.177626547191,119.50725272260657,-0.6103269767442122,31.85481337208336,-48.579660151678354,-0.3820240804547528,-153.56459612502294,196.6656355192572,-27.5799470538426,2641.148536273482,13.21533838046308,8.780035340187624,-200.08756907792304,29.22948596855766,-191.4809954174848,3.444038709002257,-13485.90832222998,4994.683736763746,-8.983202606193334,-2.876151540905468,-139.63889195233787,-13.875995263802563,40.466510737440224
2019-11-29,17.63620516158575,605.8771777625399,-1005.0706361950472,1680.3131368156496,-430.2916595721882,-303.8980534953321,1.6418989926932592,-74.29213593911815,612.6790061633848,-1015.3345250056929,253.2179308911328,-1.4518315347376856,4.928847070955685,-186.2384976132074,0.1693866085654445,80.975820677726,-2650.157402430837,75.84528573547152,-28794.317042127102,-18.418200468668545,-16.768451522905025,847.8141215432588,-201.0803797590858,-218.9042926511784,224.7184342600427,369121.6435847581,0.0,0.0,0.6312452286410348,884.1484301272212,3.579486994234088,10.61019355872748
2019-12-31,7.845966375895433,239.2227271522048,613.1961514792669,3324.332709738662,177.7029134080744,165.32801330681812,0.831090993487704,-117.06425723898828,611.3745722103179,10264.324524251017,75.87322514883628,-1.6013734969246285,13.892956797607756,595.7974668791255,0.8094467251169148,21.35034214712869,30994.61951690098,-23.680159366036836,-2688.2969524502987,-37.66732817287121,3.825403125485764,1356.4258491974088,-201.38631640520123,2500.7225934679523,111.49645934089966,-519316.3873360455,-220.0315202777389,-136.38751633863478,5.175122525584229,-23842.728650513815,-96.37786804939708,17.63620516158575
2020-01-31,-50.807343566312056,356.4590774586344,229.28268981039795,1707.9102215685982,1288.726466557252,238.8150165375967,3.6379116871527177,-114.5598425487658,388.37477430199925,10818.548151386294,75.21827912988796,-1.5158134103369831,-8.342918562504352,-454.00441879142977,-0.5466122878111751,63.990608211759536,2382.438637024672,14.642947886395175,-9889.169727994971,-8.936195978226827,-8.091578384772902,87.60883587964054,-6.886029685720416,819.6780322627246,-26.894836453649987,624447.8476021588,-97.57210044826913,-143.04961121746982,-12.951080431640293,223.118329528741,78.73594742401008,7.845966375895433
2020-02-28,-92.40891872664548,107.25255537792695,346.10087011626314,466.8286320024802,18.11273722822629,446.27025042575184,2.0376347366551104,-98.71215035476908,74.29676092665642,10633.405347190796,-9.89431594885995,-2.62844159172586,-22.510695104740936,-104.58725700830814,-0.5893828010004173,37.31561808511288,-906.8498561152372,-12.951786096852176,5880.113027087966,-23.74229403837893,-16.952031774346096,-209.84057101142025,-73.25668657579973,308.3606729878129,-22.841933570596268,3489881.1320395023,535.3572067907547,14.005717786365947,-23.60412883766567,353.1593179127085,-14.672769416700902,-50.807343566312056
2020-03-31,-300.68139725090566,-629.3325241172681,99.52477160772132,1115.5890249894649,-1508.1763450938315,317.90290661687965,3.81302503777784,-78.19331503003343,-54.29413635214412,-5012.590675353591,288.76131856490827,-3.8475096647386455,-66.04795014762563,666.6148466114842,5.666694295757331,-115.96360395770716,-29727.93672595413,90.1488286172446,-14751.074811094644,-137.99794176505978,-35.338816874847566,-644.5011221660916,29.9121920972342,-64.55485419480465,123.51056311271084,628636.6998194903,18157.63371722183,17643.548922016642,3.45979490716924,27374.503128998807,41.08032568464128,-92.40891872664548
2020-04-30,119.6839944870694,-1289.4851836930022,-619.9551982559183,1114.484313886904,-6149.567111035412,-12.616662486077908,1.4172675747062504,-138.7488365964942,-618.548033241922,-5087.480859886489,311.58587809938297,-5.128158710365447,-45.51145434487309,-87.11392172355113,10.461509182235442,-181.86856046747928,-2021.9280677350437,-14.305498879215977,-692.2238380664785,-12.036593727627064,-21.983272571632146,-737.2313262918797,-29.453914570215147,-157.2402487018417,6.117788786800588,-1956506.8928886647,-279.6523109730988,-149.21542435115043,-23.75501630296621,-2216.8848401202304,-75.66296677313126,-300.68139725090566
2020-05-29,53.55985517369864,-4009.34037936499,-1227.3547136275097,1513.3853848693077,-4236.886156234416,-922.1603468224432,1.4746368906838354,-135.99791586263834,-540.3407233112858,-5851.46868657518,223.66209750006965,-3.630698215637196,210.0701090909825,-410.0216811722928,-3.636243183105776,-580.8677531261328,-4293.394488075564,78.083069347829,-39372.77456564017,71.52730918515036,-63.422986304641086,3818.477335563968,330.35851787359366,365.7243374300042,-402.8735044965523,-5273420.621764138,1405.9583243063098,2301.8944090758123,-8.121706400713038,1259.9335492989776,-84.31161280058691,119.6839944870694
2020-06-30,0.0,0.0,0.0,0.0,0.0,0.0,0.0,0.0,0.0,0.0,0.0,0.0,-97.63652543853313,-816.9539480157603,-12.492921909444195,-10888.61690775185,-7408.705162527397,-1229.5426780208627,-114461.83935968656,49.05850121565302,-490.631364009595,-18506.47530760622,145.55895671006246,-7578.179128781715,-227.92396365428223,-112536533.25526585,-19501.69331661979,-19530.796496971565,-58.94439901953983,32961.780065529754,7.94257900688414,53.55985517369864
2020-07-31,0.0,0.0,0.0,0.0,0.0,0.0,0.0,0.0,0.0,0.0,0.0,0.0,0.0,0.0,0.0,0.0,0.0,0.0,0.0,0.0,0.0,0.0,0.0,0.0,0.0,0.0,0.0,0.0,0.0,0.0,0.0,0.0
2020-08-31,0.0,0.0,0.0,0.0,0.0,0.0,0.0,0.0,0.0,0.0,0.0,0.0,0.0,0.0,0.0,0.0,0.0,0.0,0.0,0.0,0.0,0.0,0.0,0.0,0.0,0.0,0.0,0.0,0.0,0.0,0.0,0.0
2020-09-30,0.0,0.0,0.0,0.0,0.0,0.0,0.0,0.0,0.0,0.0,0.0,0.0,0.0,0.0,0.0,0.0,0.0,0.0,0.0,0.0,0.0,0.0,0.0,0.0,0.0,0.0,0.0,0.0,0.0,0.0,0.0,0.0
2020-10-30,0.0,0.0,0.0,0.0,0.0,0.0,0.0,0.0,0.0,0.0,0.0,0.0,0.0,0.0,0.0,0.0,0.0,0.0,0.0,0.0,0.0,0.0,0.0,0.0,0.0,0.0,0.0,0.0,0.0,0.0,0.0,0.0
2020-11-30,0.0,0.0,0.0,0.0,0.0,0.0,0.0,0.0,0.0,0.0,0.0,0.0,0.0,0.0,0.0,0.0,0.0,0.0,0.0,0.0,0.0,0.0,0.0,0.0,0.0,0.0,0.0,0.0,0.0,0.0,0.0,0.0
2020-12-31,0.0,0.0,0.0,0.0,0.0,0.0,0.0,0.0,0.0,0.0,0.0,0.0,0.0,0.0,0.0,0.0,0.0,0.0,0.0,0.0,0.0,0.0,0.0,0.0,0.0,0.0,0.0,0.0,0.0,0.0,0.0,0.0
